--
-- PostgreSQL database dump
--

-- Dumped from database version 17.4
-- Dumped by pg_dump version 17.4

-- Started on 2025-04-28 18:29:55

SET statement_timeout = 0;
SET lock_timeout = 0;
SET idle_in_transaction_session_timeout = 0;
SET transaction_timeout = 0;
SET client_encoding = 'UTF8';
SET standard_conforming_strings = on;
SELECT pg_catalog.set_config('search_path', '', false);
SET check_function_bodies = false;
SET xmloption = content;
SET client_min_messages = warning;
SET row_security = off;

SET default_tablespace = '';

SET default_table_access_method = heap;

--
-- TOC entry 217 (class 1259 OID 18096)
-- Name: area; Type: TABLE; Schema: public; Owner: postgres
--

CREATE TABLE public.area (
    idarea integer NOT NULL,
    nombrearea character varying(50),
    descripcionarea character varying(100),
    estatus boolean DEFAULT true,
    idunidades integer NOT NULL
);



--
-- TOC entry 218 (class 1259 OID 18100)
-- Name: area_idarea_seq; Type: SEQUENCE; Schema: public; Owner: postgres
--

CREATE SEQUENCE public.area_idarea_seq
    AS integer
    START WITH 1
    INCREMENT BY 1
    NO MINVALUE
    NO MAXVALUE
    CACHE 1;




--
-- TOC entry 5230 (class 0 OID 0)
-- Dependencies: 218
-- Name: area_idarea_seq; Type: SEQUENCE OWNED BY; Schema: public; Owner: postgres
--

ALTER SEQUENCE public.area_idarea_seq OWNED BY public.area.idarea;


--
-- TOC entry 219 (class 1259 OID 18101)
-- Name: articulos; Type: TABLE; Schema: public; Owner: postgres
--

CREATE TABLE public.articulos (
    idarticulo integer NOT NULL,
    nombre character varying(30) NOT NULL,
    revista character varying(30) NOT NULL,
    pais character varying(20) NOT NULL,
    aniopublicacion date NOT NULL,
    url text,
    doi character varying(25) NOT NULL
);



--
-- TOC entry 220 (class 1259 OID 18106)
-- Name: articulos_idarticulo_seq; Type: SEQUENCE; Schema: public; Owner: postgres
--

CREATE SEQUENCE public.articulos_idarticulo_seq
    AS integer
    START WITH 1
    INCREMENT BY 1
    NO MINVALUE
    NO MAXVALUE
    CACHE 1;



--
-- TOC entry 5231 (class 0 OID 0)
-- Dependencies: 220
-- Name: articulos_idarticulo_seq; Type: SEQUENCE OWNED BY; Schema: public; Owner: postgres
--

ALTER SEQUENCE public.articulos_idarticulo_seq OWNED BY public.articulos.idarticulo;


--
-- TOC entry 221 (class 1259 OID 18107)
-- Name: auth_group; Type: TABLE; Schema: public; Owner: postgres
--

CREATE TABLE public.auth_group (
    id integer NOT NULL,
    name character varying(150) NOT NULL
);


--
-- TOC entry 222 (class 1259 OID 18110)
-- Name: auth_group_id_seq; Type: SEQUENCE; Schema: public; Owner: postgres
--

ALTER TABLE public.auth_group ALTER COLUMN id ADD GENERATED BY DEFAULT AS IDENTITY (
    SEQUENCE NAME public.auth_group_id_seq
    START WITH 1
    INCREMENT BY 1
    NO MINVALUE
    NO MAXVALUE
    CACHE 1
);


--
-- TOC entry 223 (class 1259 OID 18111)
-- Name: auth_group_permissions; Type: TABLE; Schema: public; Owner: postgres
--

CREATE TABLE public.auth_group_permissions (
    id bigint NOT NULL,
    group_id integer NOT NULL,
    permission_id integer NOT NULL
);



--
-- TOC entry 224 (class 1259 OID 18114)
-- Name: auth_group_permissions_id_seq; Type: SEQUENCE; Schema: public; Owner: postgres
--

ALTER TABLE public.auth_group_permissions ALTER COLUMN id ADD GENERATED BY DEFAULT AS IDENTITY (
    SEQUENCE NAME public.auth_group_permissions_id_seq
    START WITH 1
    INCREMENT BY 1
    NO MINVALUE
    NO MAXVALUE
    CACHE 1
);


--
-- TOC entry 225 (class 1259 OID 18115)
-- Name: auth_permission; Type: TABLE; Schema: public; Owner: postgres
--

CREATE TABLE public.auth_permission (
    id integer NOT NULL,
    name character varying(255) NOT NULL,
    content_type_id integer NOT NULL,
    codename character varying(100) NOT NULL
);



--
-- TOC entry 226 (class 1259 OID 18118)
-- Name: auth_permission_id_seq; Type: SEQUENCE; Schema: public; Owner: postgres
--

ALTER TABLE public.auth_permission ALTER COLUMN id ADD GENERATED BY DEFAULT AS IDENTITY (
    SEQUENCE NAME public.auth_permission_id_seq
    START WITH 1
    INCREMENT BY 1
    NO MINVALUE
    NO MAXVALUE
    CACHE 1
);


--
-- TOC entry 227 (class 1259 OID 18119)
-- Name: auth_user; Type: TABLE; Schema: public; Owner: postgres
--

CREATE TABLE public.auth_user (
    id integer NOT NULL,
    password character varying(128) NOT NULL,
    last_login timestamp with time zone,
    is_superuser boolean NOT NULL,
    username character varying(150) NOT NULL,
    first_name character varying(150) NOT NULL,
    last_name character varying(150) NOT NULL,
    email character varying(254) NOT NULL,
    is_staff boolean NOT NULL,
    is_active boolean NOT NULL,
    date_joined timestamp with time zone NOT NULL
);



--
-- TOC entry 228 (class 1259 OID 18124)
-- Name: auth_user_groups; Type: TABLE; Schema: public; Owner: postgres
--

CREATE TABLE public.auth_user_groups (
    id bigint NOT NULL,
    user_id integer NOT NULL,
    group_id integer NOT NULL
);



--
-- TOC entry 229 (class 1259 OID 18127)
-- Name: auth_user_groups_id_seq; Type: SEQUENCE; Schema: public; Owner: postgres
--

ALTER TABLE public.auth_user_groups ALTER COLUMN id ADD GENERATED BY DEFAULT AS IDENTITY (
    SEQUENCE NAME public.auth_user_groups_id_seq
    START WITH 1
    INCREMENT BY 1
    NO MINVALUE
    NO MAXVALUE
    CACHE 1
);


--
-- TOC entry 230 (class 1259 OID 18128)
-- Name: auth_user_id_seq; Type: SEQUENCE; Schema: public; Owner: postgres
--

ALTER TABLE public.auth_user ALTER COLUMN id ADD GENERATED BY DEFAULT AS IDENTITY (
    SEQUENCE NAME public.auth_user_id_seq
    START WITH 1
    INCREMENT BY 1
    NO MINVALUE
    NO MAXVALUE
    CACHE 1
);


--
-- TOC entry 231 (class 1259 OID 18129)
-- Name: auth_user_user_permissions; Type: TABLE; Schema: public; Owner: postgres
--

CREATE TABLE public.auth_user_user_permissions (
    id bigint NOT NULL,
    user_id integer NOT NULL,
    permission_id integer NOT NULL
);



--
-- TOC entry 232 (class 1259 OID 18132)
-- Name: auth_user_user_permissions_id_seq; Type: SEQUENCE; Schema: public; Owner: postgres
--

ALTER TABLE public.auth_user_user_permissions ALTER COLUMN id ADD GENERATED BY DEFAULT AS IDENTITY (
    SEQUENCE NAME public.auth_user_user_permissions_id_seq
    START WITH 1
    INCREMENT BY 1
    NO MINVALUE
    NO MAXVALUE
    CACHE 1
);


--
-- TOC entry 233 (class 1259 OID 18133)
-- Name: carreras; Type: TABLE; Schema: public; Owner: postgres
--

CREATE TABLE public.carreras (
    idcarreras integer NOT NULL,
    nombrecarrera character varying(40) NOT NULL,
    nombreuniversidad character varying(50) NOT NULL
);



--
-- TOC entry 234 (class 1259 OID 18136)
-- Name: carreras_idcarreras_seq; Type: SEQUENCE; Schema: public; Owner: postgres
--

CREATE SEQUENCE public.carreras_idcarreras_seq
    AS integer
    START WITH 1
    INCREMENT BY 1
    NO MINVALUE
    NO MAXVALUE
    CACHE 1;



--
-- TOC entry 5232 (class 0 OID 0)
-- Dependencies: 234
-- Name: carreras_idcarreras_seq; Type: SEQUENCE OWNED BY; Schema: public; Owner: postgres
--

ALTER SEQUENCE public.carreras_idcarreras_seq OWNED BY public.carreras.idcarreras;


--
-- TOC entry 235 (class 1259 OID 18137)
-- Name: detart; Type: TABLE; Schema: public; Owner: postgres
--

CREATE TABLE public.detart (
    iddetart integer NOT NULL,
    idarticulo integer NOT NULL,
    idinvestigadores integer NOT NULL
);



--
-- TOC entry 236 (class 1259 OID 18140)
-- Name: detart_iddetart_seq; Type: SEQUENCE; Schema: public; Owner: postgres
--

CREATE SEQUENCE public.detart_iddetart_seq
    AS integer
    START WITH 1
    INCREMENT BY 1
    NO MINVALUE
    NO MAXVALUE
    CACHE 1;



--
-- TOC entry 5233 (class 0 OID 0)
-- Dependencies: 236
-- Name: detart_iddetart_seq; Type: SEQUENCE OWNED BY; Schema: public; Owner: postgres
--

ALTER SEQUENCE public.detart_iddetart_seq OWNED BY public.detart.iddetart;


--
-- TOC entry 237 (class 1259 OID 18141)
-- Name: deteventos; Type: TABLE; Schema: public; Owner: postgres
--

CREATE TABLE public.deteventos (
    iddeteventos integer NOT NULL,
    idinvestigadores integer NOT NULL,
    idevento integer NOT NULL
);



--
-- TOC entry 238 (class 1259 OID 18144)
-- Name: deteventos_iddeteventos_seq; Type: SEQUENCE; Schema: public; Owner: postgres
--

CREATE SEQUENCE public.deteventos_iddeteventos_seq
    AS integer
    START WITH 1
    INCREMENT BY 1
    NO MINVALUE
    NO MAXVALUE
    CACHE 1;



--
-- TOC entry 5234 (class 0 OID 0)
-- Dependencies: 238
-- Name: deteventos_iddeteventos_seq; Type: SEQUENCE OWNED BY; Schema: public; Owner: postgres
--

ALTER SEQUENCE public.deteventos_iddeteventos_seq OWNED BY public.deteventos.iddeteventos;


--
-- TOC entry 239 (class 1259 OID 18145)
-- Name: detherramienta; Type: TABLE; Schema: public; Owner: postgres
--

CREATE TABLE public.detherramienta (
    iddetherramienta integer NOT NULL,
    idproyecto integer NOT NULL,
    idherramientas integer NOT NULL
);



--
-- TOC entry 240 (class 1259 OID 18148)
-- Name: detherramienta_iddetherramienta_seq; Type: SEQUENCE; Schema: public; Owner: postgres
--

CREATE SEQUENCE public.detherramienta_iddetherramienta_seq
    AS integer
    START WITH 1
    INCREMENT BY 1
    NO MINVALUE
    NO MAXVALUE
    CACHE 1;



--
-- TOC entry 5235 (class 0 OID 0)
-- Dependencies: 240
-- Name: detherramienta_iddetherramienta_seq; Type: SEQUENCE OWNED BY; Schema: public; Owner: postgres
--

ALTER SEQUENCE public.detherramienta_iddetherramienta_seq OWNED BY public.detherramienta.iddetherramienta;


--
-- TOC entry 241 (class 1259 OID 18149)
-- Name: detlineas; Type: TABLE; Schema: public; Owner: postgres
--

CREATE TABLE public.detlineas (
    iddetlineas integer NOT NULL,
    idlineas integer NOT NULL,
    idinvestigadores integer NOT NULL
);



--
-- TOC entry 242 (class 1259 OID 18152)
-- Name: detlineas_iddetlineas_seq; Type: SEQUENCE; Schema: public; Owner: postgres
--

CREATE SEQUENCE public.detlineas_iddetlineas_seq
    AS integer
    START WITH 1
    INCREMENT BY 1
    NO MINVALUE
    NO MAXVALUE
    CACHE 1;



--
-- TOC entry 5236 (class 0 OID 0)
-- Dependencies: 242
-- Name: detlineas_iddetlineas_seq; Type: SEQUENCE OWNED BY; Schema: public; Owner: postgres
--

ALTER SEQUENCE public.detlineas_iddetlineas_seq OWNED BY public.detlineas.iddetlineas;


--
-- TOC entry 243 (class 1259 OID 18153)
-- Name: detproy; Type: TABLE; Schema: public; Owner: postgres
--

CREATE TABLE public.detproy (
    iddetproy integer NOT NULL,
    rol character varying(20) NOT NULL,
    idinvestigadores integer NOT NULL,
    idproyecto integer NOT NULL
);



--
-- TOC entry 244 (class 1259 OID 18156)
-- Name: detproy_iddetproy_seq; Type: SEQUENCE; Schema: public; Owner: postgres
--

CREATE SEQUENCE public.detproy_iddetproy_seq
    AS integer
    START WITH 1
    INCREMENT BY 1
    NO MINVALUE
    NO MAXVALUE
    CACHE 1;



--
-- TOC entry 5237 (class 0 OID 0)
-- Dependencies: 244
-- Name: detproy_iddetproy_seq; Type: SEQUENCE OWNED BY; Schema: public; Owner: postgres
--

ALTER SEQUENCE public.detproy_iddetproy_seq OWNED BY public.detproy.iddetproy;


--
-- TOC entry 245 (class 1259 OID 18157)
-- Name: django_admin_log; Type: TABLE; Schema: public; Owner: postgres
--

CREATE TABLE public.django_admin_log (
    id integer NOT NULL,
    action_time timestamp with time zone NOT NULL,
    object_id text,
    object_repr character varying(200) NOT NULL,
    action_flag smallint NOT NULL,
    change_message text NOT NULL,
    content_type_id integer,
    user_id integer NOT NULL,
    CONSTRAINT django_admin_log_action_flag_check CHECK ((action_flag >= 0))
);



--
-- TOC entry 246 (class 1259 OID 18163)
-- Name: django_admin_log_id_seq; Type: SEQUENCE; Schema: public; Owner: postgres
--

ALTER TABLE public.django_admin_log ALTER COLUMN id ADD GENERATED BY DEFAULT AS IDENTITY (
    SEQUENCE NAME public.django_admin_log_id_seq
    START WITH 1
    INCREMENT BY 1
    NO MINVALUE
    NO MAXVALUE
    CACHE 1
);


--
-- TOC entry 247 (class 1259 OID 18164)
-- Name: django_content_type; Type: TABLE; Schema: public; Owner: postgres
--

CREATE TABLE public.django_content_type (
    id integer NOT NULL,
    app_label character varying(100) NOT NULL,
    model character varying(100) NOT NULL
);



--
-- TOC entry 248 (class 1259 OID 18167)
-- Name: django_content_type_id_seq; Type: SEQUENCE; Schema: public; Owner: postgres
--

ALTER TABLE public.django_content_type ALTER COLUMN id ADD GENERATED BY DEFAULT AS IDENTITY (
    SEQUENCE NAME public.django_content_type_id_seq
    START WITH 1
    INCREMENT BY 1
    NO MINVALUE
    NO MAXVALUE
    CACHE 1
);


--
-- TOC entry 249 (class 1259 OID 18168)
-- Name: django_migrations; Type: TABLE; Schema: public; Owner: postgres
--

CREATE TABLE public.django_migrations (
    id bigint NOT NULL,
    app character varying(255) NOT NULL,
    name character varying(255) NOT NULL,
    applied timestamp with time zone NOT NULL
);



--
-- TOC entry 250 (class 1259 OID 18173)
-- Name: django_migrations_id_seq; Type: SEQUENCE; Schema: public; Owner: postgres
--

ALTER TABLE public.django_migrations ALTER COLUMN id ADD GENERATED BY DEFAULT AS IDENTITY (
    SEQUENCE NAME public.django_migrations_id_seq
    START WITH 1
    INCREMENT BY 1
    NO MINVALUE
    NO MAXVALUE
    CACHE 1
);


--
-- TOC entry 251 (class 1259 OID 18174)
-- Name: django_session; Type: TABLE; Schema: public; Owner: postgres
--

CREATE TABLE public.django_session (
    session_key character varying(40) NOT NULL,
    session_data text NOT NULL,
    expire_date timestamp with time zone NOT NULL
);



--
-- TOC entry 252 (class 1259 OID 18179)
-- Name: especialidades; Type: TABLE; Schema: public; Owner: postgres
--

CREATE TABLE public.especialidades (
    idespecialidades integer NOT NULL,
    descripcion character varying(100) NOT NULL,
    estatus boolean DEFAULT true
);



--
-- TOC entry 253 (class 1259 OID 18183)
-- Name: especialidades_idespecialidades_seq; Type: SEQUENCE; Schema: public; Owner: postgres
--

CREATE SEQUENCE public.especialidades_idespecialidades_seq
    AS integer
    START WITH 1
    INCREMENT BY 1
    NO MINVALUE
    NO MAXVALUE
    CACHE 1;



--
-- TOC entry 5238 (class 0 OID 0)
-- Dependencies: 253
-- Name: especialidades_idespecialidades_seq; Type: SEQUENCE OWNED BY; Schema: public; Owner: postgres
--

ALTER SEQUENCE public.especialidades_idespecialidades_seq OWNED BY public.especialidades.idespecialidades;


--
-- TOC entry 254 (class 1259 OID 18184)
-- Name: estudiantes; Type: TABLE; Schema: public; Owner: postgres
--

CREATE TABLE public.estudiantes (
    idestudiantes integer NOT NULL,
    nombreestudiante character varying(50) NOT NULL,
    apellidoestudiante character varying(50) NOT NULL,
    emailestudiante character varying(50) NOT NULL,
    telefonoestudiante character varying(20) NOT NULL,
    fechaingreso date NOT NULL,
    fechafincontrato date NOT NULL,
    estatus boolean DEFAULT true,
    idtipoestudiante integer NOT NULL,
    idcarreras integer NOT NULL,
    idinvestigadores integer NOT NULL
);



--
-- TOC entry 255 (class 1259 OID 18188)
-- Name: estudiantes_idestudiantes_seq; Type: SEQUENCE; Schema: public; Owner: postgres
--

CREATE SEQUENCE public.estudiantes_idestudiantes_seq
    AS integer
    START WITH 1
    INCREMENT BY 1
    NO MINVALUE
    NO MAXVALUE
    CACHE 1;



--
-- TOC entry 5239 (class 0 OID 0)
-- Dependencies: 255
-- Name: estudiantes_idestudiantes_seq; Type: SEQUENCE OWNED BY; Schema: public; Owner: postgres
--

ALTER SEQUENCE public.estudiantes_idestudiantes_seq OWNED BY public.estudiantes.idestudiantes;


--
-- TOC entry 256 (class 1259 OID 18189)
-- Name: eventos; Type: TABLE; Schema: public; Owner: postgres
--

CREATE TABLE public.eventos (
    idevento integer NOT NULL,
    nombreevento character varying(100) NOT NULL,
    lugarevento character varying(100) NOT NULL,
    fechaevento date NOT NULL,
    duracionevento character varying(50),
    empresainvitante character varying(100),
    idtipoevento integer NOT NULL
);



--
-- TOC entry 257 (class 1259 OID 18192)
-- Name: eventos_idevento_seq; Type: SEQUENCE; Schema: public; Owner: postgres
--

CREATE SEQUENCE public.eventos_idevento_seq
    AS integer
    START WITH 1
    INCREMENT BY 1
    NO MINVALUE
    NO MAXVALUE
    CACHE 1;



--
-- TOC entry 5240 (class 0 OID 0)
-- Dependencies: 257
-- Name: eventos_idevento_seq; Type: SEQUENCE OWNED BY; Schema: public; Owner: postgres
--

ALTER SEQUENCE public.eventos_idevento_seq OWNED BY public.eventos.idevento;


--
-- TOC entry 258 (class 1259 OID 18193)
-- Name: herramientas; Type: TABLE; Schema: public; Owner: postgres
--

CREATE TABLE public.herramientas (
    idherramientas integer NOT NULL,
    nombreherramienta character varying(255) NOT NULL,
    tipoherramienta character varying(50) NOT NULL
);



--
-- TOC entry 259 (class 1259 OID 18196)
-- Name: herramientas_idherramientas_seq; Type: SEQUENCE; Schema: public; Owner: postgres
--

CREATE SEQUENCE public.herramientas_idherramientas_seq
    AS integer
    START WITH 1
    INCREMENT BY 1
    NO MINVALUE
    NO MAXVALUE
    CACHE 1;



--
-- TOC entry 5241 (class 0 OID 0)
-- Dependencies: 259
-- Name: herramientas_idherramientas_seq; Type: SEQUENCE OWNED BY; Schema: public; Owner: postgres
--

ALTER SEQUENCE public.herramientas_idherramientas_seq OWNED BY public.herramientas.idherramientas;


--
-- TOC entry 260 (class 1259 OID 18197)
-- Name: investigadores; Type: TABLE; Schema: public; Owner: postgres
--

CREATE TABLE public.investigadores (
    idinvestigadores integer NOT NULL,
    nombre character varying(100) NOT NULL,
    email character varying(50) NOT NULL,
    puesto character varying(50) NOT NULL,
    idniveledu integer NOT NULL,
    idarea integer NOT NULL
);



--
-- TOC entry 261 (class 1259 OID 18200)
-- Name: investigadores_idinvestigadores_seq; Type: SEQUENCE; Schema: public; Owner: postgres
--

CREATE SEQUENCE public.investigadores_idinvestigadores_seq
    AS integer
    START WITH 1
    INCREMENT BY 1
    NO MINVALUE
    NO MAXVALUE
    CACHE 1;



--
-- TOC entry 5242 (class 0 OID 0)
-- Dependencies: 261
-- Name: investigadores_idinvestigadores_seq; Type: SEQUENCE OWNED BY; Schema: public; Owner: postgres
--

ALTER SEQUENCE public.investigadores_idinvestigadores_seq OWNED BY public.investigadores.idinvestigadores;


--
-- TOC entry 262 (class 1259 OID 18201)
-- Name: lineas; Type: TABLE; Schema: public; Owner: postgres
--

CREATE TABLE public.lineas (
    idlineas integer NOT NULL,
    nombre character varying(50) NOT NULL,
    descripcion character varying(100),
    fechaapertura date NOT NULL,
    estatus boolean DEFAULT true
);



--
-- TOC entry 263 (class 1259 OID 18205)
-- Name: lineas_idlineas_seq; Type: SEQUENCE; Schema: public; Owner: postgres
--

CREATE SEQUENCE public.lineas_idlineas_seq
    AS integer
    START WITH 1
    INCREMENT BY 1
    NO MINVALUE
    NO MAXVALUE
    CACHE 1;



--
-- TOC entry 5243 (class 0 OID 0)
-- Dependencies: 263
-- Name: lineas_idlineas_seq; Type: SEQUENCE OWNED BY; Schema: public; Owner: postgres
--

ALTER SEQUENCE public.lineas_idlineas_seq OWNED BY public.lineas.idlineas;


--
-- TOC entry 264 (class 1259 OID 18206)
-- Name: niveledu; Type: TABLE; Schema: public; Owner: postgres
--

CREATE TABLE public.niveledu (
    idniveledu integer NOT NULL,
    descripcion character varying(100) NOT NULL,
    estatus boolean DEFAULT true,
    idespecialidades integer NOT NULL
);



--
-- TOC entry 265 (class 1259 OID 18210)
-- Name: niveledu_idniveledu_seq; Type: SEQUENCE; Schema: public; Owner: postgres
--

CREATE SEQUENCE public.niveledu_idniveledu_seq
    AS integer
    START WITH 1
    INCREMENT BY 1
    NO MINVALUE
    NO MAXVALUE
    CACHE 1;


--
-- TOC entry 5244 (class 0 OID 0)
-- Dependencies: 265
-- Name: niveledu_idniveledu_seq; Type: SEQUENCE OWNED BY; Schema: public; Owner: postgres
--

ALTER SEQUENCE public.niveledu_idniveledu_seq OWNED BY public.niveledu.idniveledu;


--
-- TOC entry 266 (class 1259 OID 18211)
-- Name: nivelsni; Type: TABLE; Schema: public; Owner: postgres
--

CREATE TABLE public.nivelsni (
    idnivelsni integer NOT NULL,
    nombre character varying(50) NOT NULL
);



--
-- TOC entry 267 (class 1259 OID 18214)
-- Name: nivelsni_idnivelsni_seq; Type: SEQUENCE; Schema: public; Owner: postgres
--

CREATE SEQUENCE public.nivelsni_idnivelsni_seq
    AS integer
    START WITH 1
    INCREMENT BY 1
    NO MINVALUE
    NO MAXVALUE
    CACHE 1;



--
-- TOC entry 5245 (class 0 OID 0)
-- Dependencies: 267
-- Name: nivelsni_idnivelsni_seq; Type: SEQUENCE OWNED BY; Schema: public; Owner: postgres
--

ALTER SEQUENCE public.nivelsni_idnivelsni_seq OWNED BY public.nivelsni.idnivelsni;


--
-- TOC entry 268 (class 1259 OID 18215)
-- Name: permisos; Type: TABLE; Schema: public; Owner: postgres
--

CREATE TABLE public.permisos (
    idpermiso integer NOT NULL,
    descripcion character varying(20) NOT NULL,
    rol integer NOT NULL,
    CONSTRAINT chk_id_range CHECK (((rol >= 1) AND (rol <= 4)))
);



--
-- TOC entry 269 (class 1259 OID 18219)
-- Name: permisos_idpermiso_seq; Type: SEQUENCE; Schema: public; Owner: postgres
--

CREATE SEQUENCE public.permisos_idpermiso_seq
    AS integer
    START WITH 1
    INCREMENT BY 1
    NO MINVALUE
    NO MAXVALUE
    CACHE 1;



--
-- TOC entry 5246 (class 0 OID 0)
-- Dependencies: 269
-- Name: permisos_idpermiso_seq; Type: SEQUENCE OWNED BY; Schema: public; Owner: postgres
--

ALTER SEQUENCE public.permisos_idpermiso_seq OWNED BY public.permisos.idpermiso;


--
-- TOC entry 270 (class 1259 OID 18220)
-- Name: proyectos; Type: TABLE; Schema: public; Owner: postgres
--

CREATE TABLE public.proyectos (
    idproyecto integer NOT NULL,
    nombreproyecto character varying(255) NOT NULL,
    descripcionproyecto text,
    fechainicio date NOT NULL,
    fechatermino date NOT NULL
);



--
-- TOC entry 271 (class 1259 OID 18225)
-- Name: proyectos_idproyecto_seq; Type: SEQUENCE; Schema: public; Owner: postgres
--

CREATE SEQUENCE public.proyectos_idproyecto_seq
    AS integer
    START WITH 1
    INCREMENT BY 1
    NO MINVALUE
    NO MAXVALUE
    CACHE 1;



--
-- TOC entry 5247 (class 0 OID 0)
-- Dependencies: 271
-- Name: proyectos_idproyecto_seq; Type: SEQUENCE OWNED BY; Schema: public; Owner: postgres
--

ALTER SEQUENCE public.proyectos_idproyecto_seq OWNED BY public.proyectos.idproyecto;


--
-- TOC entry 272 (class 1259 OID 18226)
-- Name: sni; Type: TABLE; Schema: public; Owner: postgres
--

CREATE TABLE public.sni (
    idsni integer NOT NULL,
    fechaingreso date NOT NULL,
    fecharenovacion date NOT NULL,
    idnivelsni integer NOT NULL,
    idinvestigadores integer NOT NULL
);



--
-- TOC entry 273 (class 1259 OID 18229)
-- Name: sni_idsni_seq; Type: SEQUENCE; Schema: public; Owner: postgres
--

CREATE SEQUENCE public.sni_idsni_seq
    AS integer
    START WITH 1
    INCREMENT BY 1
    NO MINVALUE
    NO MAXVALUE
    CACHE 1;



--
-- TOC entry 5248 (class 0 OID 0)
-- Dependencies: 273
-- Name: sni_idsni_seq; Type: SEQUENCE OWNED BY; Schema: public; Owner: postgres
--

ALTER SEQUENCE public.sni_idsni_seq OWNED BY public.sni.idsni;


--
-- TOC entry 274 (class 1259 OID 18230)
-- Name: tipoestudiante; Type: TABLE; Schema: public; Owner: postgres
--

CREATE TABLE public.tipoestudiante (
    idtipoestudiante integer NOT NULL,
    descripcionestudiante character varying(100) NOT NULL
);



--
-- TOC entry 275 (class 1259 OID 18233)
-- Name: tipoestudiante_idtipoestudiante_seq; Type: SEQUENCE; Schema: public; Owner: postgres
--

CREATE SEQUENCE public.tipoestudiante_idtipoestudiante_seq
    AS integer
    START WITH 1
    INCREMENT BY 1
    NO MINVALUE
    NO MAXVALUE
    CACHE 1;



--
-- TOC entry 5249 (class 0 OID 0)
-- Dependencies: 275
-- Name: tipoestudiante_idtipoestudiante_seq; Type: SEQUENCE OWNED BY; Schema: public; Owner: postgres
--

ALTER SEQUENCE public.tipoestudiante_idtipoestudiante_seq OWNED BY public.tipoestudiante.idtipoestudiante;


--
-- TOC entry 276 (class 1259 OID 18234)
-- Name: tipoevento; Type: TABLE; Schema: public; Owner: postgres
--

CREATE TABLE public.tipoevento (
    idtipoevento integer NOT NULL,
    nombreevento character varying(50) NOT NULL
);



--
-- TOC entry 277 (class 1259 OID 18237)
-- Name: tipoevento_idtipoevento_seq; Type: SEQUENCE; Schema: public; Owner: postgres
--

CREATE SEQUENCE public.tipoevento_idtipoevento_seq
    AS integer
    START WITH 1
    INCREMENT BY 1
    NO MINVALUE
    NO MAXVALUE
    CACHE 1;



--
-- TOC entry 5250 (class 0 OID 0)
-- Dependencies: 277
-- Name: tipoevento_idtipoevento_seq; Type: SEQUENCE OWNED BY; Schema: public; Owner: postgres
--

ALTER SEQUENCE public.tipoevento_idtipoevento_seq OWNED BY public.tipoevento.idtipoevento;


--
-- TOC entry 278 (class 1259 OID 18238)
-- Name: unidades; Type: TABLE; Schema: public; Owner: postgres
--

CREATE TABLE public.unidades (
    idunidades integer NOT NULL,
    nombre character varying(100) NOT NULL
);



--
-- TOC entry 279 (class 1259 OID 18241)
-- Name: unidades_idunidades_seq; Type: SEQUENCE; Schema: public; Owner: postgres
--

CREATE SEQUENCE public.unidades_idunidades_seq
    AS integer
    START WITH 1
    INCREMENT BY 1
    NO MINVALUE
    NO MAXVALUE
    CACHE 1;



--
-- TOC entry 5251 (class 0 OID 0)
-- Dependencies: 279
-- Name: unidades_idunidades_seq; Type: SEQUENCE OWNED BY; Schema: public; Owner: postgres
--

ALTER SEQUENCE public.unidades_idunidades_seq OWNED BY public.unidades.idunidades;


--
-- TOC entry 280 (class 1259 OID 18242)
-- Name: usuarios; Type: TABLE; Schema: public; Owner: postgres
--

CREATE TABLE public.usuarios (
    idusuario integer NOT NULL,
    nombre character varying(50) NOT NULL,
    correo character varying(50) NOT NULL,
    contrasena character varying(50) NOT NULL,
    idpermiso integer
);



--
-- TOC entry 281 (class 1259 OID 18245)
-- Name: usuarios_idusuario_seq; Type: SEQUENCE; Schema: public; Owner: postgres
--

CREATE SEQUENCE public.usuarios_idusuario_seq
    AS integer
    START WITH 1
    INCREMENT BY 1
    NO MINVALUE
    NO MAXVALUE
    CACHE 1;



--
-- TOC entry 5252 (class 0 OID 0)
-- Dependencies: 281
-- Name: usuarios_idusuario_seq; Type: SEQUENCE OWNED BY; Schema: public; Owner: postgres
--

ALTER SEQUENCE public.usuarios_idusuario_seq OWNED BY public.usuarios.idusuario;


--
-- TOC entry 4854 (class 2604 OID 18246)
-- Name: area idarea; Type: DEFAULT; Schema: public; Owner: postgres
--

ALTER TABLE ONLY public.area ALTER COLUMN idarea SET DEFAULT nextval('public.area_idarea_seq'::regclass);


--
-- TOC entry 4856 (class 2604 OID 18247)
-- Name: articulos idarticulo; Type: DEFAULT; Schema: public; Owner: postgres
--

ALTER TABLE ONLY public.articulos ALTER COLUMN idarticulo SET DEFAULT nextval('public.articulos_idarticulo_seq'::regclass);


--
-- TOC entry 4857 (class 2604 OID 18248)
-- Name: carreras idcarreras; Type: DEFAULT; Schema: public; Owner: postgres
--

ALTER TABLE ONLY public.carreras ALTER COLUMN idcarreras SET DEFAULT nextval('public.carreras_idcarreras_seq'::regclass);


--
-- TOC entry 4858 (class 2604 OID 18249)
-- Name: detart iddetart; Type: DEFAULT; Schema: public; Owner: postgres
--

ALTER TABLE ONLY public.detart ALTER COLUMN iddetart SET DEFAULT nextval('public.detart_iddetart_seq'::regclass);


--
-- TOC entry 4859 (class 2604 OID 18250)
-- Name: deteventos iddeteventos; Type: DEFAULT; Schema: public; Owner: postgres
--

ALTER TABLE ONLY public.deteventos ALTER COLUMN iddeteventos SET DEFAULT nextval('public.deteventos_iddeteventos_seq'::regclass);


--
-- TOC entry 4860 (class 2604 OID 18251)
-- Name: detherramienta iddetherramienta; Type: DEFAULT; Schema: public; Owner: postgres
--

ALTER TABLE ONLY public.detherramienta ALTER COLUMN iddetherramienta SET DEFAULT nextval('public.detherramienta_iddetherramienta_seq'::regclass);


--
-- TOC entry 4861 (class 2604 OID 18252)
-- Name: detlineas iddetlineas; Type: DEFAULT; Schema: public; Owner: postgres
--

ALTER TABLE ONLY public.detlineas ALTER COLUMN iddetlineas SET DEFAULT nextval('public.detlineas_iddetlineas_seq'::regclass);


--
-- TOC entry 4862 (class 2604 OID 18253)
-- Name: detproy iddetproy; Type: DEFAULT; Schema: public; Owner: postgres
--

ALTER TABLE ONLY public.detproy ALTER COLUMN iddetproy SET DEFAULT nextval('public.detproy_iddetproy_seq'::regclass);


--
-- TOC entry 4863 (class 2604 OID 18254)
-- Name: especialidades idespecialidades; Type: DEFAULT; Schema: public; Owner: postgres
--

ALTER TABLE ONLY public.especialidades ALTER COLUMN idespecialidades SET DEFAULT nextval('public.especialidades_idespecialidades_seq'::regclass);


--
-- TOC entry 4865 (class 2604 OID 18255)
-- Name: estudiantes idestudiantes; Type: DEFAULT; Schema: public; Owner: postgres
--

ALTER TABLE ONLY public.estudiantes ALTER COLUMN idestudiantes SET DEFAULT nextval('public.estudiantes_idestudiantes_seq'::regclass);


--
-- TOC entry 4867 (class 2604 OID 18256)
-- Name: eventos idevento; Type: DEFAULT; Schema: public; Owner: postgres
--

ALTER TABLE ONLY public.eventos ALTER COLUMN idevento SET DEFAULT nextval('public.eventos_idevento_seq'::regclass);


--
-- TOC entry 4868 (class 2604 OID 18257)
-- Name: herramientas idherramientas; Type: DEFAULT; Schema: public; Owner: postgres
--

ALTER TABLE ONLY public.herramientas ALTER COLUMN idherramientas SET DEFAULT nextval('public.herramientas_idherramientas_seq'::regclass);


--
-- TOC entry 4869 (class 2604 OID 18258)
-- Name: investigadores idinvestigadores; Type: DEFAULT; Schema: public; Owner: postgres
--

ALTER TABLE ONLY public.investigadores ALTER COLUMN idinvestigadores SET DEFAULT nextval('public.investigadores_idinvestigadores_seq'::regclass);


--
-- TOC entry 4870 (class 2604 OID 18259)
-- Name: lineas idlineas; Type: DEFAULT; Schema: public; Owner: postgres
--

ALTER TABLE ONLY public.lineas ALTER COLUMN idlineas SET DEFAULT nextval('public.lineas_idlineas_seq'::regclass);


--
-- TOC entry 4872 (class 2604 OID 18260)
-- Name: niveledu idniveledu; Type: DEFAULT; Schema: public; Owner: postgres
--

ALTER TABLE ONLY public.niveledu ALTER COLUMN idniveledu SET DEFAULT nextval('public.niveledu_idniveledu_seq'::regclass);


--
-- TOC entry 4874 (class 2604 OID 18261)
-- Name: nivelsni idnivelsni; Type: DEFAULT; Schema: public; Owner: postgres
--

ALTER TABLE ONLY public.nivelsni ALTER COLUMN idnivelsni SET DEFAULT nextval('public.nivelsni_idnivelsni_seq'::regclass);


--
-- TOC entry 4875 (class 2604 OID 18262)
-- Name: permisos idpermiso; Type: DEFAULT; Schema: public; Owner: postgres
--

ALTER TABLE ONLY public.permisos ALTER COLUMN idpermiso SET DEFAULT nextval('public.permisos_idpermiso_seq'::regclass);


--
-- TOC entry 4876 (class 2604 OID 18263)
-- Name: proyectos idproyecto; Type: DEFAULT; Schema: public; Owner: postgres
--

ALTER TABLE ONLY public.proyectos ALTER COLUMN idproyecto SET DEFAULT nextval('public.proyectos_idproyecto_seq'::regclass);


--
-- TOC entry 4877 (class 2604 OID 18264)
-- Name: sni idsni; Type: DEFAULT; Schema: public; Owner: postgres
--

ALTER TABLE ONLY public.sni ALTER COLUMN idsni SET DEFAULT nextval('public.sni_idsni_seq'::regclass);


--
-- TOC entry 4878 (class 2604 OID 18265)
-- Name: tipoestudiante idtipoestudiante; Type: DEFAULT; Schema: public; Owner: postgres
--

ALTER TABLE ONLY public.tipoestudiante ALTER COLUMN idtipoestudiante SET DEFAULT nextval('public.tipoestudiante_idtipoestudiante_seq'::regclass);


--
-- TOC entry 4879 (class 2604 OID 18266)
-- Name: tipoevento idtipoevento; Type: DEFAULT; Schema: public; Owner: postgres
--

ALTER TABLE ONLY public.tipoevento ALTER COLUMN idtipoevento SET DEFAULT nextval('public.tipoevento_idtipoevento_seq'::regclass);


--
-- TOC entry 4880 (class 2604 OID 18267)
-- Name: unidades idunidades; Type: DEFAULT; Schema: public; Owner: postgres
--

ALTER TABLE ONLY public.unidades ALTER COLUMN idunidades SET DEFAULT nextval('public.unidades_idunidades_seq'::regclass);


--
-- TOC entry 4881 (class 2604 OID 18268)
-- Name: usuarios idusuario; Type: DEFAULT; Schema: public; Owner: postgres
--

ALTER TABLE ONLY public.usuarios ALTER COLUMN idusuario SET DEFAULT nextval('public.usuarios_idusuario_seq'::regclass);


--
-- TOC entry 5160 (class 0 OID 18096)
-- Dependencies: 217
-- Data for Name: area; Type: TABLE DATA; Schema: public; Owner: postgres
--

COPY public.area (idarea, nombrearea, descripcionarea, estatus, idunidades) FROM stdin;
2	TI	Tecnologías de la Información	t	2
3	Electronica	Electrónica	t	3
4	Quimicos	Química	t	4
5	Energia	Energía renovable	t	5
6	Medio ambiente	Cuidado del medio ambiente	t	6
7	Docencia	Educación y enseñanza	t	2
\.


--
-- TOC entry 5162 (class 0 OID 18101)
-- Dependencies: 219
-- Data for Name: articulos; Type: TABLE DATA; Schema: public; Owner: postgres
--

COPY public.articulos (idarticulo, nombre, revista, pais, aniopublicacion, url, doi) FROM stdin;
2	Articulo 4	Revista 4	Mexico	2025-02-01	\N	10.1234/abcdf
3	Articulo 5	Revista 5	Mexico	2025-02-02	\N	10.1234/abcde
4	Articulo 6	Revista 6	Mexico	2025-02-03	\N	10.1234/abcfg
5	Articulo 7	Revista 7	Mexico	2025-02-04	\N	10.1234/abcgg
6	Articulo 8	Revista 8	Mexico	2025-02-05	\N	10.1234/abchh
7	Articulo 9	Revista 9	Mexico	2025-02-06	\N	10.1234/abcii
8	Articulo 10	Revista 10	Mexico	2025-02-07	\N	10.1234/abcjj
9	Articulo 11	Revista 11	Mexico	2025-02-08	\N	10.1234/abckk
10	Articulo 12	Revista 12	Mexico	2025-02-09	\N	10.1234/abcll
11	Articulo 13	Revista 13	Mexico	2025-02-10	\N	10.1234/abcmn
12	Articulo 14	Revista 14	Mexico	2025-02-11	\N	10.1234/abcnn
13	Articulo 15	Revista 15	Mexico	2025-02-12	\N	10.1234/abcoo
\.


--
-- TOC entry 5164 (class 0 OID 18107)
-- Dependencies: 221
-- Data for Name: auth_group; Type: TABLE DATA; Schema: public; Owner: postgres
--

COPY public.auth_group (id, name) FROM stdin;
\.


--
-- TOC entry 5166 (class 0 OID 18111)
-- Dependencies: 223
-- Data for Name: auth_group_permissions; Type: TABLE DATA; Schema: public; Owner: postgres
--

COPY public.auth_group_permissions (id, group_id, permission_id) FROM stdin;
\.


--
-- TOC entry 5168 (class 0 OID 18115)
-- Dependencies: 225
-- Data for Name: auth_permission; Type: TABLE DATA; Schema: public; Owner: postgres
--

COPY public.auth_permission (id, name, content_type_id, codename) FROM stdin;
1	Can add log entry	1	add_logentry
2	Can change log entry	1	change_logentry
3	Can delete log entry	1	delete_logentry
4	Can view log entry	1	view_logentry
5	Can add permission	2	add_permission
6	Can change permission	2	change_permission
7	Can delete permission	2	delete_permission
8	Can view permission	2	view_permission
9	Can add group	3	add_group
10	Can change group	3	change_group
11	Can delete group	3	delete_group
12	Can view group	3	view_group
13	Can add user	4	add_user
14	Can change user	4	change_user
15	Can delete user	4	delete_user
16	Can view user	4	view_user
17	Can add content type	5	add_contenttype
18	Can change content type	5	change_contenttype
19	Can delete content type	5	delete_contenttype
20	Can view content type	5	view_contenttype
21	Can add session	6	add_session
22	Can change session	6	change_session
23	Can delete session	6	delete_session
24	Can view session	6	view_session
25	Can add area	7	add_area
26	Can change area	7	change_area
27	Can delete area	7	delete_area
28	Can view area	7	view_area
29	Can add articulos	8	add_articulos
30	Can change articulos	8	change_articulos
31	Can delete articulos	8	delete_articulos
32	Can view articulos	8	view_articulos
33	Can add carreras	9	add_carreras
34	Can change carreras	9	change_carreras
35	Can delete carreras	9	delete_carreras
36	Can view carreras	9	view_carreras
37	Can add det art	10	add_detart
38	Can change det art	10	change_detart
39	Can delete det art	10	delete_detart
40	Can view det art	10	view_detart
41	Can add det eventos	11	add_deteventos
42	Can change det eventos	11	change_deteventos
43	Can delete det eventos	11	delete_deteventos
44	Can view det eventos	11	view_deteventos
45	Can add det herramienta	12	add_detherramienta
46	Can change det herramienta	12	change_detherramienta
47	Can delete det herramienta	12	delete_detherramienta
48	Can view det herramienta	12	view_detherramienta
49	Can add det lineas	13	add_detlineas
50	Can change det lineas	13	change_detlineas
51	Can delete det lineas	13	delete_detlineas
52	Can view det lineas	13	view_detlineas
53	Can add det proy	14	add_detproy
54	Can change det proy	14	change_detproy
55	Can delete det proy	14	delete_detproy
56	Can view det proy	14	view_detproy
57	Can add especialidades	15	add_especialidades
58	Can change especialidades	15	change_especialidades
59	Can delete especialidades	15	delete_especialidades
60	Can view especialidades	15	view_especialidades
61	Can add estudiantes	16	add_estudiantes
62	Can change estudiantes	16	change_estudiantes
63	Can delete estudiantes	16	delete_estudiantes
64	Can view estudiantes	16	view_estudiantes
65	Can add eventos	17	add_eventos
66	Can change eventos	17	change_eventos
67	Can delete eventos	17	delete_eventos
68	Can view eventos	17	view_eventos
69	Can add herramientas	18	add_herramientas
70	Can change herramientas	18	change_herramientas
71	Can delete herramientas	18	delete_herramientas
72	Can view herramientas	18	view_herramientas
73	Can add investigadores	19	add_investigadores
74	Can change investigadores	19	change_investigadores
75	Can delete investigadores	19	delete_investigadores
76	Can view investigadores	19	view_investigadores
77	Can add lineas	20	add_lineas
78	Can change lineas	20	change_lineas
79	Can delete lineas	20	delete_lineas
80	Can view lineas	20	view_lineas
81	Can add nivel edu	21	add_niveledu
82	Can change nivel edu	21	change_niveledu
83	Can delete nivel edu	21	delete_niveledu
84	Can view nivel edu	21	view_niveledu
85	Can add nivel sni	22	add_nivelsni
86	Can change nivel sni	22	change_nivelsni
87	Can delete nivel sni	22	delete_nivelsni
88	Can view nivel sni	22	view_nivelsni
89	Can add permisos	23	add_permisos
90	Can change permisos	23	change_permisos
91	Can delete permisos	23	delete_permisos
92	Can view permisos	23	view_permisos
93	Can add proyectos	24	add_proyectos
94	Can change proyectos	24	change_proyectos
95	Can delete proyectos	24	delete_proyectos
96	Can view proyectos	24	view_proyectos
97	Can add sni	25	add_sni
98	Can change sni	25	change_sni
99	Can delete sni	25	delete_sni
100	Can view sni	25	view_sni
101	Can add tipo estudiante	26	add_tipoestudiante
102	Can change tipo estudiante	26	change_tipoestudiante
103	Can delete tipo estudiante	26	delete_tipoestudiante
104	Can view tipo estudiante	26	view_tipoestudiante
105	Can add tipo evento	27	add_tipoevento
106	Can change tipo evento	27	change_tipoevento
107	Can delete tipo evento	27	delete_tipoevento
108	Can view tipo evento	27	view_tipoevento
109	Can add unidades	28	add_unidades
110	Can change unidades	28	change_unidades
111	Can delete unidades	28	delete_unidades
112	Can view unidades	28	view_unidades
113	Can add usuarios	29	add_usuarios
114	Can change usuarios	29	change_usuarios
115	Can delete usuarios	29	delete_usuarios
116	Can view usuarios	29	view_usuarios
\.


--
-- TOC entry 5170 (class 0 OID 18119)
-- Dependencies: 227
-- Data for Name: auth_user; Type: TABLE DATA; Schema: public; Owner: postgres
--

COPY public.auth_user (id, password, last_login, is_superuser, username, first_name, last_name, email, is_staff, is_active, date_joined) FROM stdin;
\.


--
-- TOC entry 5171 (class 0 OID 18124)
-- Dependencies: 228
-- Data for Name: auth_user_groups; Type: TABLE DATA; Schema: public; Owner: postgres
--

COPY public.auth_user_groups (id, user_id, group_id) FROM stdin;
\.


--
-- TOC entry 5174 (class 0 OID 18129)
-- Dependencies: 231
-- Data for Name: auth_user_user_permissions; Type: TABLE DATA; Schema: public; Owner: postgres
--

COPY public.auth_user_user_permissions (id, user_id, permission_id) FROM stdin;
\.


--
-- TOC entry 5176 (class 0 OID 18133)
-- Dependencies: 233
-- Data for Name: carreras; Type: TABLE DATA; Schema: public; Owner: postgres
--

COPY public.carreras (idcarreras, nombrecarrera, nombreuniversidad) FROM stdin;
2	Bioquimica	ITESO
3	Lic. Pedagogía	UNIVA
4	Ing. Electricidad	TecMilenio
5	Ing en Electronica	Anahuac
6	Ing en Mecatronica	Tecnologico de Monterrey
1	Ing. de Software	Tecmilenio
7	Ing. Desarrollo automotriz	UP
8	Ing. Petrolera	UAG
\.


--
-- TOC entry 5178 (class 0 OID 18137)
-- Dependencies: 235
-- Data for Name: detart; Type: TABLE DATA; Schema: public; Owner: postgres
--

COPY public.detart (iddetart, idarticulo, idinvestigadores) FROM stdin;
3	4	6
\.


--
-- TOC entry 5180 (class 0 OID 18141)
-- Dependencies: 237
-- Data for Name: deteventos; Type: TABLE DATA; Schema: public; Owner: postgres
--

COPY public.deteventos (iddeteventos, idinvestigadores, idevento) FROM stdin;
2	3	2
\.


--
-- TOC entry 5182 (class 0 OID 18145)
-- Dependencies: 239
-- Data for Name: detherramienta; Type: TABLE DATA; Schema: public; Owner: postgres
--

COPY public.detherramienta (iddetherramienta, idproyecto, idherramientas) FROM stdin;
1	1	3
2	2	5
3	3	4
\.


--
-- TOC entry 5184 (class 0 OID 18149)
-- Dependencies: 241
-- Data for Name: detlineas; Type: TABLE DATA; Schema: public; Owner: postgres
--

COPY public.detlineas (iddetlineas, idlineas, idinvestigadores) FROM stdin;
2	2	4
3	3	3
\.


--
-- TOC entry 5186 (class 0 OID 18153)
-- Dependencies: 243
-- Data for Name: detproy; Type: TABLE DATA; Schema: public; Owner: postgres
--

COPY public.detproy (iddetproy, rol, idinvestigadores, idproyecto) FROM stdin;
2	Investigador	3	4
3	Investigador	4	5
\.


--
-- TOC entry 5188 (class 0 OID 18157)
-- Dependencies: 245
-- Data for Name: django_admin_log; Type: TABLE DATA; Schema: public; Owner: postgres
--

COPY public.django_admin_log (id, action_time, object_id, object_repr, action_flag, change_message, content_type_id, user_id) FROM stdin;
\.


--
-- TOC entry 5190 (class 0 OID 18164)
-- Dependencies: 247
-- Data for Name: django_content_type; Type: TABLE DATA; Schema: public; Owner: postgres
--

COPY public.django_content_type (id, app_label, model) FROM stdin;
1	admin	logentry
2	auth	permission
3	auth	group
4	auth	user
5	contenttypes	contenttype
6	sessions	session
7	api	area
8	api	articulos
9	api	carreras
10	api	detart
11	api	deteventos
12	api	detherramienta
13	api	detlineas
14	api	detproy
15	api	especialidades
16	api	estudiantes
17	api	eventos
18	api	herramientas
19	api	investigadores
20	api	lineas
21	api	niveledu
22	api	nivelsni
23	api	permisos
24	api	proyectos
25	api	sni
26	api	tipoestudiante
27	api	tipoevento
28	api	unidades
29	api	usuarios
\.


--
-- TOC entry 5192 (class 0 OID 18168)
-- Dependencies: 249
-- Data for Name: django_migrations; Type: TABLE DATA; Schema: public; Owner: postgres
--

COPY public.django_migrations (id, app, name, applied) FROM stdin;
1	contenttypes	0001_initial	2025-03-20 17:41:39.169937-07
2	auth	0001_initial	2025-03-20 17:41:39.431108-07
3	admin	0001_initial	2025-03-20 17:41:39.469519-07
4	admin	0002_logentry_remove_auto_add	2025-03-20 17:41:39.481309-07
5	admin	0003_logentry_add_action_flag_choices	2025-03-20 17:41:39.492478-07
6	api	0001_initial	2025-03-20 17:41:39.518724-07
7	contenttypes	0002_remove_content_type_name	2025-03-20 17:41:39.568944-07
8	auth	0002_alter_permission_name_max_length	2025-03-20 17:41:39.588532-07
9	auth	0003_alter_user_email_max_length	2025-03-20 17:41:39.600723-07
10	auth	0004_alter_user_username_opts	2025-03-20 17:41:39.612001-07
11	auth	0005_alter_user_last_login_null	2025-03-20 17:41:39.62301-07
12	auth	0006_require_contenttypes_0002	2025-03-20 17:41:39.625582-07
13	auth	0007_alter_validators_add_error_messages	2025-03-20 17:41:39.636764-07
14	auth	0008_alter_user_username_max_length	2025-03-20 17:41:39.671101-07
15	auth	0009_alter_user_last_name_max_length	2025-03-20 17:41:39.684025-07
16	auth	0010_alter_group_name_max_length	2025-03-20 17:41:39.725321-07
17	auth	0011_update_proxy_permissions	2025-03-20 17:41:39.743929-07
18	auth	0012_alter_user_first_name_max_length	2025-03-20 17:41:39.756298-07
19	sessions	0001_initial	2025-03-20 17:41:39.778133-07
20	api	0002_alter_estudiantes_options	2025-03-28 22:47:12.13791-07
21	api	0003_alter_estudiantes_options	2025-03-28 22:47:12.233523-07
22	api	0004_alter_tipoestudiante_options	2025-03-28 22:47:12.236158-07
23	api	0005_alter_estudiantes_options	2025-03-28 22:47:12.239069-07
24	api	0006_alter_estudiantes_options	2025-03-28 22:47:12.241589-07
\.


--
-- TOC entry 5194 (class 0 OID 18174)
-- Dependencies: 251
-- Data for Name: django_session; Type: TABLE DATA; Schema: public; Owner: postgres
--

COPY public.django_session (session_key, session_data, expire_date) FROM stdin;
yj587ctidtb07t19z5sm06l0us81yfsw	eyJ1c3VhcmlvX2lkIjoxfQ:1tvQTP:ViDbfHQnbwngukCo3vDKaxe4wRCoEgRZDYFYawtAink	2025-04-03 17:42:55.425614-07
7vilj5xdo3fd00lzpszuec65suhq35mt	eyJ1c3VhcmlvX2lkIjoyfQ:1tvQfD:Hh9wgedySlIC5vII2nsqyC8oXusdE77x_3uGubMZ3s8	2025-04-03 17:55:07.374618-07
yahxjzyoyd57hgdhtvm16isbl3pzgu1l	eyJ1c3VhcmlvX2lkIjoyfQ:1tvQkK:nBW6mybmbnWHRhffZePsK92da_jLVhZ2UqlWtnRMqsA	2025-04-03 18:00:24.074944-07
fu8o7p8hrzgfg8fymjwkt9u7ihjl6sqs	eyJ1c3VhcmlvX2lkIjoxfQ:1txgGh:PdhwYanu7G0yo9xCYZ5p0A4ngipN0X_1rn1F3am2yXw	2025-04-09 22:59:07.743785-07
t98x1pgf42krbfirn6jlck5ar54lvc5l	eyJ1c3VhcmlvX2lkIjoxfQ:1txgH6:Qk3BQ-x5KcZxKhvKJekGgZ7hmVpo0gTCL6AzIb_N2Ac	2025-04-09 22:59:32.929417-07
mh4guti7owm3opgmlr7lmgvxrktxclnz	eyJ1c3VhcmlvX2lkIjoxfQ:1txgHc:JUdBDaMw6YGZG1EH5i1d37PrGaT6en1lR_HRcOO6A10	2025-04-09 23:00:04.974033-07
lf5gyat2qb6cfwzzgl62k4b5ntxflbn1	eyJ1c3VhcmlvX2lkIjoxfQ:1txgLx:JUpqgQUWF1-Yj5YttiWyi4_OQYwXVSaUwcWTq_r8uC8	2025-04-09 23:04:33.287278-07
xv4424atc01xk3cxhlq4kzldx41s2g0l	eyJ1c3VhcmlvX2lkIjoxfQ:1txyi5:s67FuYhQE4kNa1h-930ogsbfeF0g9SD60aPbQ3vnD2c	2025-04-10 18:40:37.068203-07
0h57d8cjqbuwzz4gcnqbamb5zls47de3	eyJ1c3VhcmlvX2lkIjoxfQ:1txyjo:y-w3mBPWhCxJ4Uh2n0j0c0yHROYViEsEIIFrzKRBKL8	2025-04-10 18:42:24.692168-07
khvy8fd5j9z9ouw8pi9rhr2d9yw9r9zd	eyJ1c3VhcmlvX2lkIjo0fQ:1txykj:dUuNVDWkaGdrvp6x_FOtRRXGNCsRwd2qe2WS8CqKsOI	2025-04-10 18:43:21.497166-07
45t2dvia7bqdzjfn7mohcojbwpkaml1g	eyJ1c3VhcmlvX2lkIjoxfQ:1ty1b4:UrOAo7C4mtHLMCSq9PKKDTJwqOuQ_LR-qN05i8ynZEk	2025-04-10 21:45:34.861844-07
9uj10436sbqcqwave205lvi69x11fq5b	eyJ1c3VhcmlvX2lkIjoxfQ:1ty1cs:cEhM70dlACOR6V40xjMU02q5iIMdLBr2AvXiojSFFpQ	2025-04-10 21:47:26.393116-07
you8lajqt8tnngwy75bz9xy8pa1fnuwc	eyJ1c3VhcmlvX2lkIjoxfQ:1ty1e7:3Qv90EQoYXhrWR_xT3M0xBHUH0iVtcH2pQfiOCz_GEg	2025-04-10 21:48:43.543898-07
0g1awcl24d9fgijgzonngmdz4n4ifnws	eyJ1c3VhcmlvX2lkIjoxfQ:1ty2aj:CgJ7F4V5ZkhnLdvZat4chnbig_hAICv0T57IgdAtl38	2025-04-10 22:49:17.360728-07
98in55l4mkzdpvgd2xbd7azxua60wdv5	eyJ1c3VhcmlvX2lkIjoxfQ:1ty2iU:O2sHbq3nnVauHGQb7uPogZLSgDJZ_AuaaQDBc8yb9Co	2025-04-10 22:57:18.284019-07
1evdxk5l0w40gm9ozngzva6qwmkh0g3z	eyJ1c3VhcmlvX2lkIjoxfQ:1ty34R:j0n8074bw6nixjZPkuVy1mEQsrLmPTgxiCB-ecc-HP0	2025-04-10 23:19:59.85907-07
bc4yu1scsihkx9kgf2493sz15nv4vj33	eyJ1c3VhcmlvX2lkIjoxfQ:1ty3Cl:_Wbj1wL4kMg5G5hpdGJ9npRE0wfNiLzUZmXvJaeP2s8	2025-04-10 23:28:35.129728-07
0ozw8pm3hxepwzfppol9zny9p98zqdoy	eyJ1c3VhcmlvX2lkIjoxfQ:1ty3F4:NdkI9dN9_RbUif1ixDPWOh_TUCzZwXyzeOZWBWQotfw	2025-04-10 23:30:58.431658-07
zqpmahwe8ajwqq7bjvp748u1gtij6fnm	eyJ1c3VhcmlvX2lkIjoxLCJyb2wiOjF9:1tyObn:D52zHbH8u3mrV9pjQcWzjnw1l638uJjev6XYdFzp89w	2025-04-11 22:19:51.793523-07
dgjtbqdf3e1a1wv4ukvzf2xij2woszne	eyJ1c3VhcmlvX2lkIjo0LCJyb2wiOjN9:1tyOjC:YaiIdom89cYedwhFhv1fboEPLjAz-vJ-A7Nj9-h447I	2025-04-11 22:27:30.617069-07
c0a6ctm66k3k30m98frgrl5eewxrrw92	eyJ1c3VhcmlvX2lkIjoxLCJyb2wiOjF9:1tyPJJ:TbL5zWeclWMnxI1yiBu65Bx-Wk1MfXUKTGJOYJDE1eU	2025-04-11 23:04:49.198255-07
et6zdyt2iyz8fjmsv35vv9hgn1km012p	eyJ1c3VhcmlvX2lkIjoxLCJyb2wiOjF9:1tyz7X:vRtLd8-aF9YUOp9aidFh8b9V2d7HQZ9-Ey_ZYA96h4I	2025-04-13 13:19:03.277511-07
yz0hjlih17sj3xuupecclu7eedcogw82	eyJ1c3VhcmlvX2lkIjoxLCJyb2wiOjF9:1tz4vT:uwKCrsITPJrKyRWo2QZzUyOKKLEwwUQtJcwWzyis_YU	2025-04-13 19:30:59.96015-07
b4wp3mbuoufqrrj53415u9jqo7zlsd5j	eyJ1c3VhcmlvX2lkIjoxLCJyb2wiOjF9:1tzmlO:bLytlBkkgwM4ZM4bcSH6x8xd2uDQDFp79wZNgxypoQg	2025-04-15 18:19:30.387703-07
nqej10bba2mpyxzvapzrzthuo8c092mw	eyJ1c3VhcmlvX2lkIjoxLCJyb2wiOjF9:1tznBQ:wIF2VseA1v0iKuf_SD68mwPgXvWDKn0u85qUwT4Dyt8	2025-04-15 18:46:24.16174-07
k9g454yyp8kuf61onbi3wqs9lft4cy0t	eyJ1c3VhcmlvX2lkIjoxLCJyb2wiOjF9:1u71ro:4hXnKp7fqt4anZCQLqq9oKmpAMkj22XjxTAole7mn_g	2025-05-05 17:52:04.95403-07
\.


--
-- TOC entry 5195 (class 0 OID 18179)
-- Dependencies: 252
-- Data for Name: especialidades; Type: TABLE DATA; Schema: public; Owner: postgres
--

COPY public.especialidades (idespecialidades, descripcion, estatus) FROM stdin;
2	Pedagogía	t
3	Mecatronica	t
4	Electronica	t
5	Software	t
6	Quimica	t
7	Machine Learning	t
\.


--
-- TOC entry 5197 (class 0 OID 18184)
-- Dependencies: 254
-- Data for Name: estudiantes; Type: TABLE DATA; Schema: public; Owner: postgres
--

COPY public.estudiantes (idestudiantes, nombreestudiante, apellidoestudiante, emailestudiante, telefonoestudiante, fechaingreso, fechafincontrato, estatus, idtipoestudiante, idcarreras, idinvestigadores) FROM stdin;
22	Roberto	López	roberto@estudiante.com	1234567891	2025-01-01	2025-12-31	t	1	2	3
23	Diego	Martínez	diego@estudiante.com	1234567892	2025-01-01	2025-12-31	t	1	3	4
25	Gerardo	Sánchez	gerardo@estudiante.com	1234567894	2025-01-01	2025-12-31	t	1	5	6
26	Alberto	González	alberto@estudiante.com	1234567895	2025-01-01	2025-12-31	t	1	6	7
29	Javier	García	javier@estudiante.com	1234567898	2025-01-01	2025-12-31	t	1	2	10
30	Rebeca	Vázquez	rebeca@estudiante.com	1234567899	2025-01-01	2025-12-31	t	1	5	11
\.


--
-- TOC entry 5199 (class 0 OID 18189)
-- Dependencies: 256
-- Data for Name: eventos; Type: TABLE DATA; Schema: public; Owner: postgres
--

COPY public.eventos (idevento, nombreevento, lugarevento, fechaevento, duracionevento, empresainvitante, idtipoevento) FROM stdin;
2	Diplomado en Energía	Guadalajara	2025-02-15	3 días	Energía Ltda	4
3	Charla sobre Medio Ambiente	Monterrey	2025-02-16	1 día	Medio Ambiente Corp	5
4	Congreso de Química	Ciudad de Mexico	2025-02-17	2 días	Químicos SA	1
5	Taller de Software	Guadalajara	2025-02-18	1 día	Desarrollo de Software Inc	2
6	Conferencia sobre Energía	Cancún	2025-02-19	1 día	Energía Ltda	3
7	Diplomado en Química	Monterrey	2025-02-20	3 días	Químicos SA	4
8	Charla sobre TI	México DF	2025-02-21	1 día	TechCorp	5
9	Congreso de Desarrollo Humano	Guadalajara	2025-02-22	2 días	Desarrollo Humano Corp	1
10	Taller sobre Medio Ambiente	Monterrey	2025-02-23	1 día	Medio Ambiente Corp	2
11	Conferencia sobre IA	Cancún	2025-02-24	1 día	TechCorp	3
\.


--
-- TOC entry 5201 (class 0 OID 18193)
-- Dependencies: 258
-- Data for Name: herramientas; Type: TABLE DATA; Schema: public; Owner: postgres
--

COPY public.herramientas (idherramientas, nombreherramienta, tipoherramienta) FROM stdin;
1	TensorFlow	Software
2	MATLAB	Software
3	Python	Lenguaje de programación
4	Simulink	Software
5	AutoCAD	Software
6	LabVIEW	Software
\.


--
-- TOC entry 5203 (class 0 OID 18197)
-- Dependencies: 260
-- Data for Name: investigadores; Type: TABLE DATA; Schema: public; Owner: postgres
--

COPY public.investigadores (idinvestigadores, nombre, email, puesto, idniveledu, idarea) FROM stdin;
3	Pedro	pedro@investigador.com	Investigador	3	3
4	Alicia	alicia@investigadora.com	Investigadora	4	4
6	Alondra	alondra@investigadora.com	Investigadora	3	6
7	Fernando	fernando@investigador.com	Investigador	4	7
10	Brenda	brenda@investigadora.com	Investigadora	4	2
11	Luis	luis@investigador.com	Investigador	2	3
\.


--
-- TOC entry 5205 (class 0 OID 18201)
-- Dependencies: 262
-- Data for Name: lineas; Type: TABLE DATA; Schema: public; Owner: postgres
--

COPY public.lineas (idlineas, nombre, descripcion, fechaapertura, estatus) FROM stdin;
1	IA	Inteligencia Artificial	2025-01-01	t
2	Energía	Investigación en energías renovables	2025-01-02	t
3	Microrredes	Investigación sobre microrredes eléctricas	2025-01-03	t
4	Medio Ambiente	Investigación para la protección del medio ambiente	2025-01-04	t
5	Desarrollo Humano	Estudios en desarrollo humano	2025-01-05	t
6	Desarrollo de Software	Investigación en desarrollo de software	2025-01-06	t
\.


--
-- TOC entry 5207 (class 0 OID 18206)
-- Dependencies: 264
-- Data for Name: niveledu; Type: TABLE DATA; Schema: public; Owner: postgres
--

COPY public.niveledu (idniveledu, descripcion, estatus, idespecialidades) FROM stdin;
2	Licenciatura	t	2
3	Maestría	t	3
4	Doctorado	t	4
5	Licenciatura	t	5
6	Doctorado	t	6
\.


--
-- TOC entry 5209 (class 0 OID 18211)
-- Dependencies: 266
-- Data for Name: nivelsni; Type: TABLE DATA; Schema: public; Owner: postgres
--

COPY public.nivelsni (idnivelsni, nombre) FROM stdin;
2	Nivel 1
3	Nivel 2
4	Nivel 3
\.


--
-- TOC entry 5211 (class 0 OID 18215)
-- Dependencies: 268
-- Data for Name: permisos; Type: TABLE DATA; Schema: public; Owner: postgres
--

COPY public.permisos (idpermiso, descripcion, rol) FROM stdin;
1	Admin	1
2	Investigador	2
3	Estudiante	3
4	Usuario General	4
\.


--
-- TOC entry 5213 (class 0 OID 18220)
-- Dependencies: 270
-- Data for Name: proyectos; Type: TABLE DATA; Schema: public; Owner: postgres
--

COPY public.proyectos (idproyecto, nombreproyecto, descripcionproyecto, fechainicio, fechatermino) FROM stdin;
1	Proyecto de Microrredes	Desarrollo de soluciones de microrredes eléctricas	2025-01-01	2025-12-31
2	Proyecto de Medio Ambiente	Investigación en técnicas de purificación de agua	2025-01-01	2025-12-31
3	Proyecto de Desarrollo Humano	Estudios sobre el impacto de la educación en el desarrollo humano	2025-01-01	2025-12-31
4	Proyecto de Software	Desarrollo de nuevas herramientas para el análisis de datos	2025-01-01	2025-12-31
5	Proyecto de Química de Combustibles	Investigación sobre combustibles más eficientes	2025-01-01	2025-12-31
6	Proyecto de Energía Renovable	Desarrollo de paneles solares más eficientes	2025-01-01	2025-12-31
7	Centro de investigación	Proyecto final para desarrollo de aplicaciones web	2025-01-12	2025-05-05
8	P1	P1	2025-03-20	2025-03-13
\.


--
-- TOC entry 5215 (class 0 OID 18226)
-- Dependencies: 272
-- Data for Name: sni; Type: TABLE DATA; Schema: public; Owner: postgres
--

COPY public.sni (idsni, fechaingreso, fecharenovacion, idnivelsni, idinvestigadores) FROM stdin;
8	2022-02-01	2023-02-01	3	3
9	2023-03-01	2024-03-01	4	4
\.


--
-- TOC entry 5217 (class 0 OID 18230)
-- Dependencies: 274
-- Data for Name: tipoestudiante; Type: TABLE DATA; Schema: public; Owner: postgres
--

COPY public.tipoestudiante (idtipoestudiante, descripcionestudiante) FROM stdin;
1	Estudiante de Mercadotecnia
2	Estudiante de Ing de Software
3	Estudiante de Ing en Machine Learning
\.


--
-- TOC entry 5219 (class 0 OID 18234)
-- Dependencies: 276
-- Data for Name: tipoevento; Type: TABLE DATA; Schema: public; Owner: postgres
--

COPY public.tipoevento (idtipoevento, nombreevento) FROM stdin;
1	Congreso
2	Taller
3	Conferencia
4	Diplomado
5	Charla
\.


--
-- TOC entry 5221 (class 0 OID 18238)
-- Dependencies: 278
-- Data for Name: unidades; Type: TABLE DATA; Schema: public; Owner: postgres
--

COPY public.unidades (idunidades, nombre) FROM stdin;
2	Jalisco
3	San Luis Potosí
4	Edo de Mexico
5	Tabasco
6	Sonora
7	Zacatecas
8	Monterrey
\.


--
-- TOC entry 5223 (class 0 OID 18242)
-- Dependencies: 280
-- Data for Name: usuarios; Type: TABLE DATA; Schema: public; Owner: postgres
--

COPY public.usuarios (idusuario, nombre, correo, contrasena, idpermiso) FROM stdin;
1	Juan Pérez	juan.perez@example.com	12345	1
2	Ana García	ana.garcia@example.com	contraseña123	2
3	Carlos López	carlos.lopez@example.com	qwerty2025	1
4	María Torres	maria.torres@example.com	mypass2025	3
\.


--
-- TOC entry 5253 (class 0 OID 0)
-- Dependencies: 218
-- Name: area_idarea_seq; Type: SEQUENCE SET; Schema: public; Owner: postgres
--

SELECT pg_catalog.setval('public.area_idarea_seq', 9, true);


--
-- TOC entry 5254 (class 0 OID 0)
-- Dependencies: 220
-- Name: articulos_idarticulo_seq; Type: SEQUENCE SET; Schema: public; Owner: postgres
--

SELECT pg_catalog.setval('public.articulos_idarticulo_seq', 13, true);


--
-- TOC entry 5255 (class 0 OID 0)
-- Dependencies: 222
-- Name: auth_group_id_seq; Type: SEQUENCE SET; Schema: public; Owner: postgres
--

SELECT pg_catalog.setval('public.auth_group_id_seq', 1, false);


--
-- TOC entry 5256 (class 0 OID 0)
-- Dependencies: 224
-- Name: auth_group_permissions_id_seq; Type: SEQUENCE SET; Schema: public; Owner: postgres
--

SELECT pg_catalog.setval('public.auth_group_permissions_id_seq', 1, false);


--
-- TOC entry 5257 (class 0 OID 0)
-- Dependencies: 226
-- Name: auth_permission_id_seq; Type: SEQUENCE SET; Schema: public; Owner: postgres
--

SELECT pg_catalog.setval('public.auth_permission_id_seq', 116, true);


--
-- TOC entry 5258 (class 0 OID 0)
-- Dependencies: 229
-- Name: auth_user_groups_id_seq; Type: SEQUENCE SET; Schema: public; Owner: postgres
--

SELECT pg_catalog.setval('public.auth_user_groups_id_seq', 1, false);


--
-- TOC entry 5259 (class 0 OID 0)
-- Dependencies: 230
-- Name: auth_user_id_seq; Type: SEQUENCE SET; Schema: public; Owner: postgres
--

SELECT pg_catalog.setval('public.auth_user_id_seq', 1, false);


--
-- TOC entry 5260 (class 0 OID 0)
-- Dependencies: 232
-- Name: auth_user_user_permissions_id_seq; Type: SEQUENCE SET; Schema: public; Owner: postgres
--

SELECT pg_catalog.setval('public.auth_user_user_permissions_id_seq', 1, false);


--
-- TOC entry 5261 (class 0 OID 0)
-- Dependencies: 234
-- Name: carreras_idcarreras_seq; Type: SEQUENCE SET; Schema: public; Owner: postgres
--

SELECT pg_catalog.setval('public.carreras_idcarreras_seq', 9, true);


--
-- TOC entry 5262 (class 0 OID 0)
-- Dependencies: 236
-- Name: detart_iddetart_seq; Type: SEQUENCE SET; Schema: public; Owner: postgres
--

SELECT pg_catalog.setval('public.detart_iddetart_seq', 3, true);


--
-- TOC entry 5263 (class 0 OID 0)
-- Dependencies: 238
-- Name: deteventos_iddeteventos_seq; Type: SEQUENCE SET; Schema: public; Owner: postgres
--

SELECT pg_catalog.setval('public.deteventos_iddeteventos_seq', 3, true);


--
-- TOC entry 5264 (class 0 OID 0)
-- Dependencies: 240
-- Name: detherramienta_iddetherramienta_seq; Type: SEQUENCE SET; Schema: public; Owner: postgres
--

SELECT pg_catalog.setval('public.detherramienta_iddetherramienta_seq', 3, true);


--
-- TOC entry 5265 (class 0 OID 0)
-- Dependencies: 242
-- Name: detlineas_iddetlineas_seq; Type: SEQUENCE SET; Schema: public; Owner: postgres
--

SELECT pg_catalog.setval('public.detlineas_iddetlineas_seq', 3, true);


--
-- TOC entry 5266 (class 0 OID 0)
-- Dependencies: 244
-- Name: detproy_iddetproy_seq; Type: SEQUENCE SET; Schema: public; Owner: postgres
--

SELECT pg_catalog.setval('public.detproy_iddetproy_seq', 3, true);


--
-- TOC entry 5267 (class 0 OID 0)
-- Dependencies: 246
-- Name: django_admin_log_id_seq; Type: SEQUENCE SET; Schema: public; Owner: postgres
--

SELECT pg_catalog.setval('public.django_admin_log_id_seq', 1, false);


--
-- TOC entry 5268 (class 0 OID 0)
-- Dependencies: 248
-- Name: django_content_type_id_seq; Type: SEQUENCE SET; Schema: public; Owner: postgres
--

SELECT pg_catalog.setval('public.django_content_type_id_seq', 29, true);


--
-- TOC entry 5269 (class 0 OID 0)
-- Dependencies: 250
-- Name: django_migrations_id_seq; Type: SEQUENCE SET; Schema: public; Owner: postgres
--

SELECT pg_catalog.setval('public.django_migrations_id_seq', 24, true);


--
-- TOC entry 5270 (class 0 OID 0)
-- Dependencies: 253
-- Name: especialidades_idespecialidades_seq; Type: SEQUENCE SET; Schema: public; Owner: postgres
--

SELECT pg_catalog.setval('public.especialidades_idespecialidades_seq', 7, true);


--
-- TOC entry 5271 (class 0 OID 0)
-- Dependencies: 255
-- Name: estudiantes_idestudiantes_seq; Type: SEQUENCE SET; Schema: public; Owner: postgres
--

SELECT pg_catalog.setval('public.estudiantes_idestudiantes_seq', 30, true);


--
-- TOC entry 5272 (class 0 OID 0)
-- Dependencies: 257
-- Name: eventos_idevento_seq; Type: SEQUENCE SET; Schema: public; Owner: postgres
--

SELECT pg_catalog.setval('public.eventos_idevento_seq', 11, true);


--
-- TOC entry 5273 (class 0 OID 0)
-- Dependencies: 259
-- Name: herramientas_idherramientas_seq; Type: SEQUENCE SET; Schema: public; Owner: postgres
--

SELECT pg_catalog.setval('public.herramientas_idherramientas_seq', 6, true);


--
-- TOC entry 5274 (class 0 OID 0)
-- Dependencies: 261
-- Name: investigadores_idinvestigadores_seq; Type: SEQUENCE SET; Schema: public; Owner: postgres
--

SELECT pg_catalog.setval('public.investigadores_idinvestigadores_seq', 11, true);


--
-- TOC entry 5275 (class 0 OID 0)
-- Dependencies: 263
-- Name: lineas_idlineas_seq; Type: SEQUENCE SET; Schema: public; Owner: postgres
--

SELECT pg_catalog.setval('public.lineas_idlineas_seq', 7, true);


--
-- TOC entry 5276 (class 0 OID 0)
-- Dependencies: 265
-- Name: niveledu_idniveledu_seq; Type: SEQUENCE SET; Schema: public; Owner: postgres
--

SELECT pg_catalog.setval('public.niveledu_idniveledu_seq', 6, true);


--
-- TOC entry 5277 (class 0 OID 0)
-- Dependencies: 267
-- Name: nivelsni_idnivelsni_seq; Type: SEQUENCE SET; Schema: public; Owner: postgres
--

SELECT pg_catalog.setval('public.nivelsni_idnivelsni_seq', 4, true);


--
-- TOC entry 5278 (class 0 OID 0)
-- Dependencies: 269
-- Name: permisos_idpermiso_seq; Type: SEQUENCE SET; Schema: public; Owner: postgres
--

SELECT pg_catalog.setval('public.permisos_idpermiso_seq', 1, false);


--
-- TOC entry 5279 (class 0 OID 0)
-- Dependencies: 271
-- Name: proyectos_idproyecto_seq; Type: SEQUENCE SET; Schema: public; Owner: postgres
--

SELECT pg_catalog.setval('public.proyectos_idproyecto_seq', 8, true);


--
-- TOC entry 5280 (class 0 OID 0)
-- Dependencies: 273
-- Name: sni_idsni_seq; Type: SEQUENCE SET; Schema: public; Owner: postgres
--

SELECT pg_catalog.setval('public.sni_idsni_seq', 9, true);


--
-- TOC entry 5281 (class 0 OID 0)
-- Dependencies: 275
-- Name: tipoestudiante_idtipoestudiante_seq; Type: SEQUENCE SET; Schema: public; Owner: postgres
--

SELECT pg_catalog.setval('public.tipoestudiante_idtipoestudiante_seq', 3, true);


--
-- TOC entry 5282 (class 0 OID 0)
-- Dependencies: 277
-- Name: tipoevento_idtipoevento_seq; Type: SEQUENCE SET; Schema: public; Owner: postgres
--

SELECT pg_catalog.setval('public.tipoevento_idtipoevento_seq', 5, true);


--
-- TOC entry 5283 (class 0 OID 0)
-- Dependencies: 279
-- Name: unidades_idunidades_seq; Type: SEQUENCE SET; Schema: public; Owner: postgres
--

SELECT pg_catalog.setval('public.unidades_idunidades_seq', 8, true);


--
-- TOC entry 5284 (class 0 OID 0)
-- Dependencies: 281
-- Name: usuarios_idusuario_seq; Type: SEQUENCE SET; Schema: public; Owner: postgres
--

SELECT pg_catalog.setval('public.usuarios_idusuario_seq', 1, false);


--
-- TOC entry 4885 (class 2606 OID 18270)
-- Name: area area_pkey; Type: CONSTRAINT; Schema: public; Owner: postgres
--

ALTER TABLE ONLY public.area
    ADD CONSTRAINT area_pkey PRIMARY KEY (idarea);


--
-- TOC entry 4887 (class 2606 OID 18272)
-- Name: articulos articulos_doi_key; Type: CONSTRAINT; Schema: public; Owner: postgres
--

ALTER TABLE ONLY public.articulos
    ADD CONSTRAINT articulos_doi_key UNIQUE (doi);


--
-- TOC entry 4889 (class 2606 OID 18274)
-- Name: articulos articulos_pkey; Type: CONSTRAINT; Schema: public; Owner: postgres
--

ALTER TABLE ONLY public.articulos
    ADD CONSTRAINT articulos_pkey PRIMARY KEY (idarticulo);


--
-- TOC entry 4892 (class 2606 OID 18276)
-- Name: auth_group auth_group_name_key; Type: CONSTRAINT; Schema: public; Owner: postgres
--

ALTER TABLE ONLY public.auth_group
    ADD CONSTRAINT auth_group_name_key UNIQUE (name);


--
-- TOC entry 4897 (class 2606 OID 18278)
-- Name: auth_group_permissions auth_group_permissions_group_id_permission_id_0cd325b0_uniq; Type: CONSTRAINT; Schema: public; Owner: postgres
--

ALTER TABLE ONLY public.auth_group_permissions
    ADD CONSTRAINT auth_group_permissions_group_id_permission_id_0cd325b0_uniq UNIQUE (group_id, permission_id);


--
-- TOC entry 4900 (class 2606 OID 18280)
-- Name: auth_group_permissions auth_group_permissions_pkey; Type: CONSTRAINT; Schema: public; Owner: postgres
--

ALTER TABLE ONLY public.auth_group_permissions
    ADD CONSTRAINT auth_group_permissions_pkey PRIMARY KEY (id);


--
-- TOC entry 4894 (class 2606 OID 18282)
-- Name: auth_group auth_group_pkey; Type: CONSTRAINT; Schema: public; Owner: postgres
--

ALTER TABLE ONLY public.auth_group
    ADD CONSTRAINT auth_group_pkey PRIMARY KEY (id);


--
-- TOC entry 4903 (class 2606 OID 18284)
-- Name: auth_permission auth_permission_content_type_id_codename_01ab375a_uniq; Type: CONSTRAINT; Schema: public; Owner: postgres
--

ALTER TABLE ONLY public.auth_permission
    ADD CONSTRAINT auth_permission_content_type_id_codename_01ab375a_uniq UNIQUE (content_type_id, codename);


--
-- TOC entry 4905 (class 2606 OID 18286)
-- Name: auth_permission auth_permission_pkey; Type: CONSTRAINT; Schema: public; Owner: postgres
--

ALTER TABLE ONLY public.auth_permission
    ADD CONSTRAINT auth_permission_pkey PRIMARY KEY (id);


--
-- TOC entry 4913 (class 2606 OID 18288)
-- Name: auth_user_groups auth_user_groups_pkey; Type: CONSTRAINT; Schema: public; Owner: postgres
--

ALTER TABLE ONLY public.auth_user_groups
    ADD CONSTRAINT auth_user_groups_pkey PRIMARY KEY (id);


--
-- TOC entry 4916 (class 2606 OID 18290)
-- Name: auth_user_groups auth_user_groups_user_id_group_id_94350c0c_uniq; Type: CONSTRAINT; Schema: public; Owner: postgres
--

ALTER TABLE ONLY public.auth_user_groups
    ADD CONSTRAINT auth_user_groups_user_id_group_id_94350c0c_uniq UNIQUE (user_id, group_id);


--
-- TOC entry 4907 (class 2606 OID 18292)
-- Name: auth_user auth_user_pkey; Type: CONSTRAINT; Schema: public; Owner: postgres
--

ALTER TABLE ONLY public.auth_user
    ADD CONSTRAINT auth_user_pkey PRIMARY KEY (id);


--
-- TOC entry 4919 (class 2606 OID 18294)
-- Name: auth_user_user_permissions auth_user_user_permissions_pkey; Type: CONSTRAINT; Schema: public; Owner: postgres
--

ALTER TABLE ONLY public.auth_user_user_permissions
    ADD CONSTRAINT auth_user_user_permissions_pkey PRIMARY KEY (id);


--
-- TOC entry 4922 (class 2606 OID 18296)
-- Name: auth_user_user_permissions auth_user_user_permissions_user_id_permission_id_14a6b632_uniq; Type: CONSTRAINT; Schema: public; Owner: postgres
--

ALTER TABLE ONLY public.auth_user_user_permissions
    ADD CONSTRAINT auth_user_user_permissions_user_id_permission_id_14a6b632_uniq UNIQUE (user_id, permission_id);


--
-- TOC entry 4910 (class 2606 OID 18298)
-- Name: auth_user auth_user_username_key; Type: CONSTRAINT; Schema: public; Owner: postgres
--

ALTER TABLE ONLY public.auth_user
    ADD CONSTRAINT auth_user_username_key UNIQUE (username);


--
-- TOC entry 4924 (class 2606 OID 18300)
-- Name: carreras carreras_pkey; Type: CONSTRAINT; Schema: public; Owner: postgres
--

ALTER TABLE ONLY public.carreras
    ADD CONSTRAINT carreras_pkey PRIMARY KEY (idcarreras);


--
-- TOC entry 4926 (class 2606 OID 18302)
-- Name: detart detart_pkey; Type: CONSTRAINT; Schema: public; Owner: postgres
--

ALTER TABLE ONLY public.detart
    ADD CONSTRAINT detart_pkey PRIMARY KEY (iddetart);


--
-- TOC entry 4928 (class 2606 OID 18304)
-- Name: deteventos deteventos_pkey; Type: CONSTRAINT; Schema: public; Owner: postgres
--

ALTER TABLE ONLY public.deteventos
    ADD CONSTRAINT deteventos_pkey PRIMARY KEY (iddeteventos);


--
-- TOC entry 4930 (class 2606 OID 18306)
-- Name: detherramienta detherramienta_pkey; Type: CONSTRAINT; Schema: public; Owner: postgres
--

ALTER TABLE ONLY public.detherramienta
    ADD CONSTRAINT detherramienta_pkey PRIMARY KEY (iddetherramienta);


--
-- TOC entry 4932 (class 2606 OID 18308)
-- Name: detlineas detlineas_pkey; Type: CONSTRAINT; Schema: public; Owner: postgres
--

ALTER TABLE ONLY public.detlineas
    ADD CONSTRAINT detlineas_pkey PRIMARY KEY (iddetlineas);


--
-- TOC entry 4934 (class 2606 OID 18310)
-- Name: detproy detproy_pkey; Type: CONSTRAINT; Schema: public; Owner: postgres
--

ALTER TABLE ONLY public.detproy
    ADD CONSTRAINT detproy_pkey PRIMARY KEY (iddetproy);


--
-- TOC entry 4937 (class 2606 OID 18312)
-- Name: django_admin_log django_admin_log_pkey; Type: CONSTRAINT; Schema: public; Owner: postgres
--

ALTER TABLE ONLY public.django_admin_log
    ADD CONSTRAINT django_admin_log_pkey PRIMARY KEY (id);


--
-- TOC entry 4940 (class 2606 OID 18314)
-- Name: django_content_type django_content_type_app_label_model_76bd3d3b_uniq; Type: CONSTRAINT; Schema: public; Owner: postgres
--

ALTER TABLE ONLY public.django_content_type
    ADD CONSTRAINT django_content_type_app_label_model_76bd3d3b_uniq UNIQUE (app_label, model);


--
-- TOC entry 4942 (class 2606 OID 18316)
-- Name: django_content_type django_content_type_pkey; Type: CONSTRAINT; Schema: public; Owner: postgres
--

ALTER TABLE ONLY public.django_content_type
    ADD CONSTRAINT django_content_type_pkey PRIMARY KEY (id);


--
-- TOC entry 4944 (class 2606 OID 18318)
-- Name: django_migrations django_migrations_pkey; Type: CONSTRAINT; Schema: public; Owner: postgres
--

ALTER TABLE ONLY public.django_migrations
    ADD CONSTRAINT django_migrations_pkey PRIMARY KEY (id);


--
-- TOC entry 4947 (class 2606 OID 18320)
-- Name: django_session django_session_pkey; Type: CONSTRAINT; Schema: public; Owner: postgres
--

ALTER TABLE ONLY public.django_session
    ADD CONSTRAINT django_session_pkey PRIMARY KEY (session_key);


--
-- TOC entry 4950 (class 2606 OID 18322)
-- Name: especialidades especialidades_pkey; Type: CONSTRAINT; Schema: public; Owner: postgres
--

ALTER TABLE ONLY public.especialidades
    ADD CONSTRAINT especialidades_pkey PRIMARY KEY (idespecialidades);


--
-- TOC entry 4952 (class 2606 OID 18324)
-- Name: estudiantes estudiantes_emailestudiante_key; Type: CONSTRAINT; Schema: public; Owner: postgres
--

ALTER TABLE ONLY public.estudiantes
    ADD CONSTRAINT estudiantes_emailestudiante_key UNIQUE (emailestudiante);


--
-- TOC entry 4954 (class 2606 OID 18326)
-- Name: estudiantes estudiantes_pkey; Type: CONSTRAINT; Schema: public; Owner: postgres
--

ALTER TABLE ONLY public.estudiantes
    ADD CONSTRAINT estudiantes_pkey PRIMARY KEY (idestudiantes);


--
-- TOC entry 4956 (class 2606 OID 18328)
-- Name: eventos eventos_pkey; Type: CONSTRAINT; Schema: public; Owner: postgres
--

ALTER TABLE ONLY public.eventos
    ADD CONSTRAINT eventos_pkey PRIMARY KEY (idevento);


--
-- TOC entry 4958 (class 2606 OID 18330)
-- Name: herramientas herramientas_pkey; Type: CONSTRAINT; Schema: public; Owner: postgres
--

ALTER TABLE ONLY public.herramientas
    ADD CONSTRAINT herramientas_pkey PRIMARY KEY (idherramientas);


--
-- TOC entry 4960 (class 2606 OID 18332)
-- Name: investigadores investigadores_email_key; Type: CONSTRAINT; Schema: public; Owner: postgres
--

ALTER TABLE ONLY public.investigadores
    ADD CONSTRAINT investigadores_email_key UNIQUE (email);


--
-- TOC entry 4962 (class 2606 OID 18334)
-- Name: investigadores investigadores_pkey; Type: CONSTRAINT; Schema: public; Owner: postgres
--

ALTER TABLE ONLY public.investigadores
    ADD CONSTRAINT investigadores_pkey PRIMARY KEY (idinvestigadores);


--
-- TOC entry 4964 (class 2606 OID 18336)
-- Name: lineas lineas_pkey; Type: CONSTRAINT; Schema: public; Owner: postgres
--

ALTER TABLE ONLY public.lineas
    ADD CONSTRAINT lineas_pkey PRIMARY KEY (idlineas);


--
-- TOC entry 4966 (class 2606 OID 18338)
-- Name: niveledu niveledu_pkey; Type: CONSTRAINT; Schema: public; Owner: postgres
--

ALTER TABLE ONLY public.niveledu
    ADD CONSTRAINT niveledu_pkey PRIMARY KEY (idniveledu);


--
-- TOC entry 4968 (class 2606 OID 18340)
-- Name: nivelsni nivelsni_pkey; Type: CONSTRAINT; Schema: public; Owner: postgres
--

ALTER TABLE ONLY public.nivelsni
    ADD CONSTRAINT nivelsni_pkey PRIMARY KEY (idnivelsni);


--
-- TOC entry 4970 (class 2606 OID 18342)
-- Name: permisos permisos_pkey; Type: CONSTRAINT; Schema: public; Owner: postgres
--

ALTER TABLE ONLY public.permisos
    ADD CONSTRAINT permisos_pkey PRIMARY KEY (idpermiso);


--
-- TOC entry 4972 (class 2606 OID 18344)
-- Name: proyectos proyectos_pkey; Type: CONSTRAINT; Schema: public; Owner: postgres
--

ALTER TABLE ONLY public.proyectos
    ADD CONSTRAINT proyectos_pkey PRIMARY KEY (idproyecto);


--
-- TOC entry 4974 (class 2606 OID 18346)
-- Name: sni sni_idinvestigadores_key; Type: CONSTRAINT; Schema: public; Owner: postgres
--

ALTER TABLE ONLY public.sni
    ADD CONSTRAINT sni_idinvestigadores_key UNIQUE (idinvestigadores);


--
-- TOC entry 4976 (class 2606 OID 18348)
-- Name: sni sni_pkey; Type: CONSTRAINT; Schema: public; Owner: postgres
--

ALTER TABLE ONLY public.sni
    ADD CONSTRAINT sni_pkey PRIMARY KEY (idsni);


--
-- TOC entry 4978 (class 2606 OID 18350)
-- Name: tipoestudiante tipoestudiante_pkey; Type: CONSTRAINT; Schema: public; Owner: postgres
--

ALTER TABLE ONLY public.tipoestudiante
    ADD CONSTRAINT tipoestudiante_pkey PRIMARY KEY (idtipoestudiante);


--
-- TOC entry 4980 (class 2606 OID 18352)
-- Name: tipoevento tipoevento_pkey; Type: CONSTRAINT; Schema: public; Owner: postgres
--

ALTER TABLE ONLY public.tipoevento
    ADD CONSTRAINT tipoevento_pkey PRIMARY KEY (idtipoevento);


--
-- TOC entry 4982 (class 2606 OID 18354)
-- Name: unidades unidades_pkey; Type: CONSTRAINT; Schema: public; Owner: postgres
--

ALTER TABLE ONLY public.unidades
    ADD CONSTRAINT unidades_pkey PRIMARY KEY (idunidades);


--
-- TOC entry 4984 (class 2606 OID 18356)
-- Name: usuarios usuarios_pkey; Type: CONSTRAINT; Schema: public; Owner: postgres
--

ALTER TABLE ONLY public.usuarios
    ADD CONSTRAINT usuarios_pkey PRIMARY KEY (idusuario);


--
-- TOC entry 4890 (class 1259 OID 18357)
-- Name: auth_group_name_a6ea08ec_like; Type: INDEX; Schema: public; Owner: postgres
--

CREATE INDEX auth_group_name_a6ea08ec_like ON public.auth_group USING btree (name varchar_pattern_ops);


--
-- TOC entry 4895 (class 1259 OID 18358)
-- Name: auth_group_permissions_group_id_b120cbf9; Type: INDEX; Schema: public; Owner: postgres
--

CREATE INDEX auth_group_permissions_group_id_b120cbf9 ON public.auth_group_permissions USING btree (group_id);


--
-- TOC entry 4898 (class 1259 OID 18359)
-- Name: auth_group_permissions_permission_id_84c5c92e; Type: INDEX; Schema: public; Owner: postgres
--

CREATE INDEX auth_group_permissions_permission_id_84c5c92e ON public.auth_group_permissions USING btree (permission_id);


--
-- TOC entry 4901 (class 1259 OID 18360)
-- Name: auth_permission_content_type_id_2f476e4b; Type: INDEX; Schema: public; Owner: postgres
--

CREATE INDEX auth_permission_content_type_id_2f476e4b ON public.auth_permission USING btree (content_type_id);


--
-- TOC entry 4911 (class 1259 OID 18361)
-- Name: auth_user_groups_group_id_97559544; Type: INDEX; Schema: public; Owner: postgres
--

CREATE INDEX auth_user_groups_group_id_97559544 ON public.auth_user_groups USING btree (group_id);


--
-- TOC entry 4914 (class 1259 OID 18362)
-- Name: auth_user_groups_user_id_6a12ed8b; Type: INDEX; Schema: public; Owner: postgres
--

CREATE INDEX auth_user_groups_user_id_6a12ed8b ON public.auth_user_groups USING btree (user_id);


--
-- TOC entry 4917 (class 1259 OID 18363)
-- Name: auth_user_user_permissions_permission_id_1fbb5f2c; Type: INDEX; Schema: public; Owner: postgres
--

CREATE INDEX auth_user_user_permissions_permission_id_1fbb5f2c ON public.auth_user_user_permissions USING btree (permission_id);


--
-- TOC entry 4920 (class 1259 OID 18364)
-- Name: auth_user_user_permissions_user_id_a95ead1b; Type: INDEX; Schema: public; Owner: postgres
--

CREATE INDEX auth_user_user_permissions_user_id_a95ead1b ON public.auth_user_user_permissions USING btree (user_id);


--
-- TOC entry 4908 (class 1259 OID 18365)
-- Name: auth_user_username_6821ab7c_like; Type: INDEX; Schema: public; Owner: postgres
--

CREATE INDEX auth_user_username_6821ab7c_like ON public.auth_user USING btree (username varchar_pattern_ops);


--
-- TOC entry 4935 (class 1259 OID 18366)
-- Name: django_admin_log_content_type_id_c4bce8eb; Type: INDEX; Schema: public; Owner: postgres
--

CREATE INDEX django_admin_log_content_type_id_c4bce8eb ON public.django_admin_log USING btree (content_type_id);


--
-- TOC entry 4938 (class 1259 OID 18367)
-- Name: django_admin_log_user_id_c564eba6; Type: INDEX; Schema: public; Owner: postgres
--

CREATE INDEX django_admin_log_user_id_c564eba6 ON public.django_admin_log USING btree (user_id);


--
-- TOC entry 4945 (class 1259 OID 18368)
-- Name: django_session_expire_date_a5c62663; Type: INDEX; Schema: public; Owner: postgres
--

CREATE INDEX django_session_expire_date_a5c62663 ON public.django_session USING btree (expire_date);


--
-- TOC entry 4948 (class 1259 OID 18369)
-- Name: django_session_session_key_c0390e0f_like; Type: INDEX; Schema: public; Owner: postgres
--

CREATE INDEX django_session_session_key_c0390e0f_like ON public.django_session USING btree (session_key varchar_pattern_ops);


--
-- TOC entry 4986 (class 2606 OID 18370)
-- Name: auth_group_permissions auth_group_permissio_permission_id_84c5c92e_fk_auth_perm; Type: FK CONSTRAINT; Schema: public; Owner: postgres
--

ALTER TABLE ONLY public.auth_group_permissions
    ADD CONSTRAINT auth_group_permissio_permission_id_84c5c92e_fk_auth_perm FOREIGN KEY (permission_id) REFERENCES public.auth_permission(id) DEFERRABLE INITIALLY DEFERRED;


--
-- TOC entry 4987 (class 2606 OID 18375)
-- Name: auth_group_permissions auth_group_permissions_group_id_b120cbf9_fk_auth_group_id; Type: FK CONSTRAINT; Schema: public; Owner: postgres
--

ALTER TABLE ONLY public.auth_group_permissions
    ADD CONSTRAINT auth_group_permissions_group_id_b120cbf9_fk_auth_group_id FOREIGN KEY (group_id) REFERENCES public.auth_group(id) DEFERRABLE INITIALLY DEFERRED;


--
-- TOC entry 4988 (class 2606 OID 18380)
-- Name: auth_permission auth_permission_content_type_id_2f476e4b_fk_django_co; Type: FK CONSTRAINT; Schema: public; Owner: postgres
--

ALTER TABLE ONLY public.auth_permission
    ADD CONSTRAINT auth_permission_content_type_id_2f476e4b_fk_django_co FOREIGN KEY (content_type_id) REFERENCES public.django_content_type(id) DEFERRABLE INITIALLY DEFERRED;


--
-- TOC entry 4989 (class 2606 OID 18385)
-- Name: auth_user_groups auth_user_groups_group_id_97559544_fk_auth_group_id; Type: FK CONSTRAINT; Schema: public; Owner: postgres
--

ALTER TABLE ONLY public.auth_user_groups
    ADD CONSTRAINT auth_user_groups_group_id_97559544_fk_auth_group_id FOREIGN KEY (group_id) REFERENCES public.auth_group(id) DEFERRABLE INITIALLY DEFERRED;


--
-- TOC entry 4990 (class 2606 OID 18390)
-- Name: auth_user_groups auth_user_groups_user_id_6a12ed8b_fk_auth_user_id; Type: FK CONSTRAINT; Schema: public; Owner: postgres
--

ALTER TABLE ONLY public.auth_user_groups
    ADD CONSTRAINT auth_user_groups_user_id_6a12ed8b_fk_auth_user_id FOREIGN KEY (user_id) REFERENCES public.auth_user(id) DEFERRABLE INITIALLY DEFERRED;


--
-- TOC entry 4991 (class 2606 OID 18395)
-- Name: auth_user_user_permissions auth_user_user_permi_permission_id_1fbb5f2c_fk_auth_perm; Type: FK CONSTRAINT; Schema: public; Owner: postgres
--

ALTER TABLE ONLY public.auth_user_user_permissions
    ADD CONSTRAINT auth_user_user_permi_permission_id_1fbb5f2c_fk_auth_perm FOREIGN KEY (permission_id) REFERENCES public.auth_permission(id) DEFERRABLE INITIALLY DEFERRED;


--
-- TOC entry 4992 (class 2606 OID 18400)
-- Name: auth_user_user_permissions auth_user_user_permissions_user_id_a95ead1b_fk_auth_user_id; Type: FK CONSTRAINT; Schema: public; Owner: postgres
--

ALTER TABLE ONLY public.auth_user_user_permissions
    ADD CONSTRAINT auth_user_user_permissions_user_id_a95ead1b_fk_auth_user_id FOREIGN KEY (user_id) REFERENCES public.auth_user(id) DEFERRABLE INITIALLY DEFERRED;


--
-- TOC entry 5003 (class 2606 OID 18405)
-- Name: django_admin_log django_admin_log_content_type_id_c4bce8eb_fk_django_co; Type: FK CONSTRAINT; Schema: public; Owner: postgres
--

ALTER TABLE ONLY public.django_admin_log
    ADD CONSTRAINT django_admin_log_content_type_id_c4bce8eb_fk_django_co FOREIGN KEY (content_type_id) REFERENCES public.django_content_type(id) DEFERRABLE INITIALLY DEFERRED;


--
-- TOC entry 5004 (class 2606 OID 18410)
-- Name: django_admin_log django_admin_log_user_id_c564eba6_fk_auth_user_id; Type: FK CONSTRAINT; Schema: public; Owner: postgres
--

ALTER TABLE ONLY public.django_admin_log
    ADD CONSTRAINT django_admin_log_user_id_c564eba6_fk_auth_user_id FOREIGN KEY (user_id) REFERENCES public.auth_user(id) DEFERRABLE INITIALLY DEFERRED;


--
-- TOC entry 5011 (class 2606 OID 18415)
-- Name: niveledu fk_especialidad; Type: FK CONSTRAINT; Schema: public; Owner: postgres
--

ALTER TABLE ONLY public.niveledu
    ADD CONSTRAINT fk_especialidad FOREIGN KEY (idespecialidades) REFERENCES public.especialidades(idespecialidades);


--
-- TOC entry 5009 (class 2606 OID 18420)
-- Name: investigadores fk_idarea; Type: FK CONSTRAINT; Schema: public; Owner: postgres
--

ALTER TABLE ONLY public.investigadores
    ADD CONSTRAINT fk_idarea FOREIGN KEY (idarea) REFERENCES public.area(idarea);


--
-- TOC entry 4993 (class 2606 OID 18425)
-- Name: detart fk_idarticulo; Type: FK CONSTRAINT; Schema: public; Owner: postgres
--

ALTER TABLE ONLY public.detart
    ADD CONSTRAINT fk_idarticulo FOREIGN KEY (idarticulo) REFERENCES public.articulos(idarticulo);


--
-- TOC entry 5005 (class 2606 OID 18430)
-- Name: estudiantes fk_idcarreras; Type: FK CONSTRAINT; Schema: public; Owner: postgres
--

ALTER TABLE ONLY public.estudiantes
    ADD CONSTRAINT fk_idcarreras FOREIGN KEY (idcarreras) REFERENCES public.carreras(idcarreras);


--
-- TOC entry 4995 (class 2606 OID 18435)
-- Name: deteventos fk_idevento; Type: FK CONSTRAINT; Schema: public; Owner: postgres
--

ALTER TABLE ONLY public.deteventos
    ADD CONSTRAINT fk_idevento FOREIGN KEY (idevento) REFERENCES public.eventos(idevento);


--
-- TOC entry 4997 (class 2606 OID 18440)
-- Name: detherramienta fk_idherramientas; Type: FK CONSTRAINT; Schema: public; Owner: postgres
--

ALTER TABLE ONLY public.detherramienta
    ADD CONSTRAINT fk_idherramientas FOREIGN KEY (idherramientas) REFERENCES public.herramientas(idherramientas);


--
-- TOC entry 5012 (class 2606 OID 18445)
-- Name: sni fk_idinvestigadores; Type: FK CONSTRAINT; Schema: public; Owner: postgres
--

ALTER TABLE ONLY public.sni
    ADD CONSTRAINT fk_idinvestigadores FOREIGN KEY (idinvestigadores) REFERENCES public.investigadores(idinvestigadores);


--
-- TOC entry 5006 (class 2606 OID 18450)
-- Name: estudiantes fk_idinvestigadores; Type: FK CONSTRAINT; Schema: public; Owner: postgres
--

ALTER TABLE ONLY public.estudiantes
    ADD CONSTRAINT fk_idinvestigadores FOREIGN KEY (idinvestigadores) REFERENCES public.investigadores(idinvestigadores);


--
-- TOC entry 4999 (class 2606 OID 18455)
-- Name: detlineas fk_idinvestigadores; Type: FK CONSTRAINT; Schema: public; Owner: postgres
--

ALTER TABLE ONLY public.detlineas
    ADD CONSTRAINT fk_idinvestigadores FOREIGN KEY (idinvestigadores) REFERENCES public.investigadores(idinvestigadores);


--
-- TOC entry 4994 (class 2606 OID 18460)
-- Name: detart fk_idinvestigadores; Type: FK CONSTRAINT; Schema: public; Owner: postgres
--

ALTER TABLE ONLY public.detart
    ADD CONSTRAINT fk_idinvestigadores FOREIGN KEY (idinvestigadores) REFERENCES public.investigadores(idinvestigadores);


--
-- TOC entry 4996 (class 2606 OID 18465)
-- Name: deteventos fk_idinvestigadores; Type: FK CONSTRAINT; Schema: public; Owner: postgres
--

ALTER TABLE ONLY public.deteventos
    ADD CONSTRAINT fk_idinvestigadores FOREIGN KEY (idinvestigadores) REFERENCES public.investigadores(idinvestigadores);


--
-- TOC entry 5001 (class 2606 OID 18470)
-- Name: detproy fk_idinvestigadores; Type: FK CONSTRAINT; Schema: public; Owner: postgres
--

ALTER TABLE ONLY public.detproy
    ADD CONSTRAINT fk_idinvestigadores FOREIGN KEY (idinvestigadores) REFERENCES public.investigadores(idinvestigadores);


--
-- TOC entry 5000 (class 2606 OID 18475)
-- Name: detlineas fk_idlineas; Type: FK CONSTRAINT; Schema: public; Owner: postgres
--

ALTER TABLE ONLY public.detlineas
    ADD CONSTRAINT fk_idlineas FOREIGN KEY (idlineas) REFERENCES public.lineas(idlineas);


--
-- TOC entry 5010 (class 2606 OID 18480)
-- Name: investigadores fk_idniveledu; Type: FK CONSTRAINT; Schema: public; Owner: postgres
--

ALTER TABLE ONLY public.investigadores
    ADD CONSTRAINT fk_idniveledu FOREIGN KEY (idniveledu) REFERENCES public.niveledu(idniveledu);


--
-- TOC entry 5002 (class 2606 OID 18485)
-- Name: detproy fk_idproyecto; Type: FK CONSTRAINT; Schema: public; Owner: postgres
--

ALTER TABLE ONLY public.detproy
    ADD CONSTRAINT fk_idproyecto FOREIGN KEY (idproyecto) REFERENCES public.proyectos(idproyecto);


--
-- TOC entry 4998 (class 2606 OID 18490)
-- Name: detherramienta fk_idproyecto; Type: FK CONSTRAINT; Schema: public; Owner: postgres
--

ALTER TABLE ONLY public.detherramienta
    ADD CONSTRAINT fk_idproyecto FOREIGN KEY (idproyecto) REFERENCES public.proyectos(idproyecto);


--
-- TOC entry 5007 (class 2606 OID 18495)
-- Name: estudiantes fk_idtipoestudiante; Type: FK CONSTRAINT; Schema: public; Owner: postgres
--

ALTER TABLE ONLY public.estudiantes
    ADD CONSTRAINT fk_idtipoestudiante FOREIGN KEY (idtipoestudiante) REFERENCES public.tipoestudiante(idtipoestudiante);


--
-- TOC entry 5008 (class 2606 OID 18500)
-- Name: eventos fk_idtipoevento; Type: FK CONSTRAINT; Schema: public; Owner: postgres
--

ALTER TABLE ONLY public.eventos
    ADD CONSTRAINT fk_idtipoevento FOREIGN KEY (idtipoevento) REFERENCES public.tipoevento(idtipoevento);


--
-- TOC entry 5013 (class 2606 OID 18505)
-- Name: sni fk_nivelsni; Type: FK CONSTRAINT; Schema: public; Owner: postgres
--

ALTER TABLE ONLY public.sni
    ADD CONSTRAINT fk_nivelsni FOREIGN KEY (idnivelsni) REFERENCES public.nivelsni(idnivelsni);


--
-- TOC entry 4985 (class 2606 OID 18510)
-- Name: area fk_unidades; Type: FK CONSTRAINT; Schema: public; Owner: postgres
--

ALTER TABLE ONLY public.area
    ADD CONSTRAINT fk_unidades FOREIGN KEY (idunidades) REFERENCES public.unidades(idunidades);


--
-- TOC entry 5014 (class 2606 OID 18515)
-- Name: usuarios usuarios_idpermiso_fkey; Type: FK CONSTRAINT; Schema: public; Owner: postgres
--

ALTER TABLE ONLY public.usuarios
    ADD CONSTRAINT usuarios_idpermiso_fkey FOREIGN KEY (idpermiso) REFERENCES public.permisos(idpermiso);


-- Completed on 2025-04-28 18:29:56

--
-- PostgreSQL database dump complete
--

